year,month,day,onset,peak,end,M-class,latitude,Longitude,location,Confinement,AR,Sunspot type,CME time,CME speed,CME AW,CME MPA,Jp 25 MeV,Je low,DH type III,Rise/Decline,DH type II,class
2010,1,19,13:03,13:41,13:50,2.3,-25,-88,S25E88,no,11041,nospots,14:06u,153,44,101,no,no,no,no,no,M2.3
2010,1,19,20:23,20:35,20:46,1.7,-25,-88,S25E88,yes,11041,nospots,no,no,no,no,no,no,occulted,decline,no,M1.7
2010,1,20,06:45,07:27,07:34,1,-24,-87,S24E87,yes,11041,beta-on-nd,no,no,no,no,no,no,no,no,no,M1.0
2010,1,20,07:42,07:49,07:53,1.6,-24,-88,S24E88,yes,11041,beta-on-nd,no,no,no,no,no,no,no,no,no,M1.6
2010,1,20,10:46,10:59,11:10,1.8,-25,-87,S25E87,no,11041,beta-on-nd,11:30u,101,46,99,no,no,no,no,no,M1.8
2010,1,20,17:50,17:55,18:00,3.4,-26,-81,S26E81,yes,11041,beta-on-nd,no,no,no,no,no,no,no,no,no,M3.4
2010,2,6,18:47,18:59,19:09,2.9,21,-17,N21E17,no,11045,beta-gamma-on-nd,20:06,240,97,93,no,no,yes,decline,no,M2.9
2010,2,6,21:31,21:37,21:42,1.3,22,-12,N22E12,yes,11045,beta-gamma-on-nd,u,u,u,u,no,no,no,no,no,M1.3
2010,2,7,02:20,02:34,02:39,6.4,21,-10,N21E10,no,11045,beta-gamma,03:54,421,360,113,no,200.897786,yes,rise,no,M6.4
2010,2,8,07:36,07:43,07:46,4,23,15,sm,yes,11045,beta-gamma,no,no,no,no,no,no,yes,decline,no,M4.0
2010,2,8,11:57,12:03,12:06,1.1,21,7,N21W07,yes,11045,beta-gamma,no,no,no,no,no,no,no,no,no,M1.1
2010,2,8,13:32,13:47,13:50,2,23,15,sm,yes,11045,beta-gamma,no,no,no,no,no,no,no,no,no,M2.0
2010,2,8,21:01,21:23,21:28,1,23,12,N23W12,yes,11045,beta-gamma,no,no,no,no,no,no,no,no,no,M1.0
2010,2,12,11:19,11:26,11:28,8.3,26,-11,N26E11,no,11046,beta,13:42,509,360,44,no,743.912231,yes,decline,no,M8.3
2010,2,12,17:52,18:08,18:15,1.1,28,53,N28W53,no,11045,b-g-d,17:54u,220,29,246,no,no,no,no,no,M1.1
2010,5,5,17:13,17:19,17:22,1.2,42,37,N42W37,no,11069,beta-gamma,17:54u,231,23,228,no,no,no,no,no,M1.2
2010,6,12,00:30,00:57,01:02,2,23,43,N23W43,no,11081,beta,01:32,486,119,294,0.0123,1947.666649,yes,rise,no,M2.0
2010,6,13,05:30,05:39,05:44,1,-25,84,S25W84,no,11079,beta,6:06,320,33,253,no,no,no,no,no,M1.0
2010,8,7,17:55,18:24,18:47,1,11,-34,N11E34,no,11093,beta,18:36,871,360,94,0.0111,127.122778,yes,rise,yes,M1.0
2010,10,16,19:07,19:12,19:15,2.9,-20,26,S20W26,no,11112,beta,20:12,350,32,274,no,128.766277,yes,decline,no,M2.9
2010,11,4,23:30,23:58,00:12,1.6,-20,-76,S20E76,yes,11121,alpha-on-nd,no,no,no,no,no,no,no,no,no,M1.6
2010,11,5,12:43,13:29,14:06,1,-20,-75,S20E75,yes,11121,alpha,no,no,no,no,no,no,no,no,no,M1.0
2010,11,6,15:27,15:36,15:44,5.4,-19,-58,S19E58,no,11121,beta,16:12,178,33,116,no,no,no,no,no,M5.4
2011,1,28,00:44,01:03,01:10,1.3,16,88,N16W88,no,11149,nospots,01:26,606,119,290,0.0511,583.012632,yes,rise,no,M1.3
2011,2,9,01:23,01:31,01:35,1.9,17,72,N17W72,yes,11153,beta,no,no,no,no,no,no,no,no,no,M1.9
2011,2,13,17:28,17:38,17:47,6.6,-20,-4,S20E04,no,11158,beta,18:36,373,276,89,no,no,yes,decline,yes,M6.6
2011,2,14,17:20,17:26,17:32,2.2,56,18,N56W18,no,11158,beta-gamma,18:34u,326,360,315,no,no,yes,decline,no,M2.2
2011,2,16,01:32,01:39,01:46,1,-20,24,S20W24,unc,11158,beta,u,u,u,u,no,no,no,no,no,M1.0
2011,2,16,07:35,07:44,07:55,1.1,-19,29,S19W29,yes,11161,beta,no,no,no,no,no,no,no,no,no,M1.1
2011,2,16,14:19,14:25,14:29,1.6,-20,32,S20W32,unc,11158,beta,dg,dg,dg,dg,no,no,yes,decline,no,M1.6
2011,2,18,09:55,10:11,10:15,6.6,-21,55,S21W55,yes,11158,b-g-d,no,no,no,no,no,no,no,no,no,M6.6
2011,2,18,10:23,10:26,10:37,1,18,-2,N18E02,yes,11162,beta-gamma-on-nd,no,no,no,no,no,no,weak,decline,no,M1.0
2011,2,18,12:59,13:03,13:06,1.4,-21,55,S21W55,yes,11158,b-g-d,no,no,no,no,no,no,no,no,no,M1.4
2011,2,18,14:00,14:08,14:15,1,19,0,N19W00,yes,11162,beta-gamma-on-nd,no,no,no,no,no,no,no,no,no,M1.0
2011,2,18,20:56,21:04,21:14,1.3,18,3,N18W03,yes,11162,beta-gamma-on-nd,no,no,no,no,no,no,no,no,no,M1.3
2011,2,24,07:23,07:35,07:42,3.5,14,87,N14E87,no,11163,beta-on-nd,7:48,1186,158,96,no,no,yes,rise,?,M3.5
2011,2,28,12:38,12:52,13:03,1.1,26,-41,N26E41,no,11164,beta-gamma,13:48,341,30,79,no,no,yes,rise,no,M1.1
2011,3,7,05:00,05:13,05:19,1.2,24,48,N24W48,yes,11164,b-g-d,no,no,no,no,no,no,weak,rise,no,M1.2
2011,3,7,07:49,07:54,07:56,1.5,-20,78,S20W78,yes,11165,beta,no,no,no,no,no,no,no,no,no,M1.5
2011,3,7,07:59,08:07,08:15,1.4,25,47,N25W47,yes,11164,b-g-d,no,no,no,no,no,no,no,no,no,M1.4
2011,3,7,09:14,09:20,09:28,1.8,23,50,N23W50,yes,11164,b-g-d,no,no,no,no,no,no,no,no,no,M1.8
2011,3,7,13:45,14:30,14:56,1.9,10,-18,N10E18,no,11166,beta-gamma,14:48,698,261,53,no,no,yes,rise,yes,M1.9
2011,3,7,19:43,20:12,20:58,3.7,31,53,N31W53,no,11164,b-g-d,20:00,2125,360,313,1.012,9315.633743,yes,rise,yes,M3.7
2011,3,7,21:45,21:50,21:55,1.5,-17,82,S17W82,yes,11165,beta,no,no,no,no,no,no,no,no,no,M1.5
2011,3,8,02:24,02:29,02:32,1.3,-18,79,S18W79,yes,11165,b-g-d,no,no,no,no,no,no,no,no,no,M1.3
2011,3,8,03:37,03:58,04:20,1.5,-21,-72,S21E72,no,11171,nospots,4:12,732,260,119,no,no,yes,rise,no,M1.5
2011,3,8,10:35,10:44,10:55,5.3,-17,86,S17W86,unc,11165,b-g-d,u,u,u,u,no,no,no,no,no,M5.3
2011,3,8,18:08,18:28,18:41,4.4,-17,88,S17W88,no,11165,b-g-d,19:00,283,43,249,no,no,no,no,no,M4.4
2011,3,8,19:46,20:16,21:19,1.4,-21,91,sm,yes,11165,b-g-d,no,no,no,no,no,no,no,no,no,M1.4
2011,3,9,10:35,11:07,11:21,1.7,8,3,N08W03,yes,11166,b-g-d,no,no,no,no,no,no,yes,rise,no,M1.7
2011,3,9,13:17,14:02,14:13,1.7,9,6,N09W06,yes,11166,b-g-d,no,no,no,no,no,no,no,no,no,M1.7
2011,3,10,22:34,22:41,22:49,1.1,8,25,N08W25,yes,11166,b-g-d,no,no,no,no,no,no,no,no,no,M1.1
2011,3,12,04:33,04:43,04:48,1.3,5,36,N05W36,yes,11166,b-g-d,no,no,no,no,no,no,no,no,no,M1.3
2011,3,14,19:30,19:52,19:54,4.2,18,48,N18W48,yes,11169,beta,no,no,no,no,no,no,no,no,no,M4.2
2011,3,15,00:18,00:22,00:24,1,11,83,N11W83,yes,11169,beta-gamma,no,no,no,no,no,no,no,no,no,M1.0
2011,3,23,02:03,02:17,02:24,1.4,-18,-70,S18E70,no,11176,beta,2:36,772,51,131,no,no,yes,rise,no,M1.4
2011,3,24,12:01,12:07,12:11,1,-16,-43,S16E43,no,11176,beta-gamma,12:48u,540,191,92,no,no,yes,rise,no,M1.0
2011,3,25,23:08,23:22,23:30,1,-12,-26,S12E26,yes,11176,beta-gamma,no,no,no,no,no,no,no,no,no,M1.0
2011,4,15,17:02,17:12,17:28,1.3,14,19,N14W19,unc,11190,beta,u,u,u,u,no,no,no,no,no,M1.3
2011,4,22,04:35,04:57,05:14,1.8,-18,-43,S18E43,yes,11195,beta,no,no,no,no,no,no,no,no,no,M1.8
2011,4,22,15:47,15:53,16:11,1.2,-18,-35,S18E35,unc,11195,beta,dg,dg,dg,dg,no,no,no,no,no,M1.2
2011,5,28,21:09,21:50,22:01,1.1,-20,-71,S20E71,yes,11226,alpha,no,no,no,no,no,no,no,no,no,M1.1
2011,5,29,10:08,10:33,11:08,1.4,-22,-65,S22E65,no,11226,beta-delta,10:36,646,234,116,no,no,occulted,decline,no,M1.4
2011,6,7,06:16,06:41,06:59,2.5,-21,54,S21W54,no,11226,beta,6:49,1255,360,250,1.579,7292.734043,yes,rise,yes,M2.5
2011,6,14,21:36,21:47,22:10,1.3,15,-77,N15E77,yes,11236,beta-on-nd,no,no,no,no,no,no,no,no,no,M1.3
2011,7,27,15:48,16:07,16:22,1.1,20,-37,N20E37,yes,11260,beta,no,no,no,no,no,no,no,no,no,M1.1
2011,7,30,02:04,02:09,02:12,9.3,-14,-35,N14E35,yes,11261,beta-gamma,no,no,no,no,no,no,no,no,no,M9.3
2011,8,2,05:19,06:19,06:48,1.4,16,22,N16W22,no,11261,b-g-d,6:36,712,268,285,0.0399,1722.911667,yes,rise,yes,M1.4
2011,8,3,03:08,03:37,03:51,1.1,17,24,N17W24,yes,11261,b-g-d,no,no,no,no,no,no,weak,rise,no,M1.1
2011,8,3,04:29,04:32,04:35,1.7,15,-8,N15E08,yes,11263,b-g-d,no,no,no,no,no,no,no,no,no,M1.7
2011,8,3,13:17,13:48,14:10,6,16,30,N16W30,no,11261,b-g-d,14:00,610,360,307,0.0085,772.793292,yes,rise,no,M6.0
2011,8,4,03:41,03:57,04:04,9.3,19,36,N19W36,no,11261,beta-gamma,4:12,1315,360,298,1.79,9625.105217,yes,rise,yes,M9.3
2011,8,8,18:00,18:10,18:18,3.5,16,61,N16W61,no,11263,b-g-d,18:12,1343,237,281,0.0527,10269.44,yes,rise,yes?,M3.5
2011,8,9,03:19,03:54,04:08,2.5,18,68,N18W68,no,11263,b-g-d,3:48,1146,141,272,no,816.804737,occulted,rise,?,M2.5
2011,9,4,11:21,11:45,11:50,3.2,16,84,N16W84,no,11286,beta,12:24,203,53,287,no,no,no,no,no,M3.2
2011,9,5,04:08,04:28,04:32,1.6,18,87,N18W87,yes,11286,beta,no,no,no,no,no,no,no,no,no,M1.6
2011,9,5,07:27,07:58,08:06,1.2,18,87,N18W87,yes,11286,beta,no,no,no,no,no,no,no,no,no,M1.2
2011,9,6,01:35,01:50,02:05,5.3,14,7,N14W07,no,11283,beta-gamma,2:24,782,360,70,0.0413,405.992351,yes,rise,yes,M5.3
2011,9,8,15:32,15:46,15:52,6.7,14,40,N14W40,no,11283,b-g-d,16:36,214,37,311,no,no,yes,rise,no,M6.7
2011,9,9,06:01,06:11,06:17,2.7,16,47,N16W47,no,11283,b-g-d,7:24,318,86,265,no,no,u,no,no,M2.7
2011,9,9,12:39,12:49,12:56,1.2,13,52,N13W52,unc,11283,b-g-d,u,u,u,u,no,no,no,no,no,M1.2
2011,9,10,07:18,07:40,07:56,1.1,12,61,N12W61,no,11283,beta-gamma,8:48,610,169,257,no,no,no,no,no,M1.1
2011,9,21,12:04,12:23,12:45,1.8,15,-88,N15E88,yes,11302,nospots,no,no,no,no,no,no,occulted,decline,no,M1.8
2011,9,22,09:53,10:00,10:09,1.1,24,55,N24W55,no,11302,beta-gamma-on-nd,10:48,1905,360,72,no,no,weak,decline,no,M1.1
2011,9,23,01:47,01:59,02:10,1.6,25,63,N25W63,unc,11295,beta-gamma,u,u,u,u,no,no,dg,dg,dg,M1.6
2011,9,23,21:54,22:15,22:34,1.6,23,73,N23W73,no,11295,beta-gamma,22:12,575,92,59,no,no,weak,rise,no,M1.6
2011,9,23,23:48,23:56,00:04,1.9,11,-52,N11E52,no,11302,beta-gamma,23:48,337,21,326,no,no,yes,rise,no,M1.9
2011,9,24,12:33,13:20,14:10,7.1,10,-56,N10E56,no,11302,beta-gamma,12:48,1915,360,78,no,no,yes,rise,yes,M7.1
2011,9,24,16:36,16:59,17:15,1.7,23,87,N23W87,yes,11295,beta-gamma,no,no,no,no,no,no,no,no,no,M1.7
2011,9,24,17:19,17:25,17:31,3.1,13,-54,N13E54,yes,11302,beta-gamma,no,no,no,no,no,no,no,no,no,M3.1
2011,9,24,17:59,18:15,18:24,2.8,15,-56,N15E56,unc,11302,beta-gamma,u,u,u,u,no,no,yes,rise,no,M2.8
2011,9,24,19:09,19:21,19:41,3,12,-42,N12E42,no,11302,beta-gamma,19:36,972,360,43,no,no,yes,rise,?,M3.0
2011,9,24,20:29,20:36,20:42,5.8,13,-52,N13E52,yes,11302,beta-gamma,no,no,no,no,no,no,yes,rise,no,M5.8
2011,9,24,21:23,21:27,21:32,1.2,-29,67,S29W67,yes,11303,beta-on-nd,no,no,no,no,no,no,no,no,no,M1.2
2011,9,24,23:45,23:58,00:09,1,-29,68,S29W68,no,11303,beta-on-nd,24:24:00,557,132,238,no,no,dg,dg,dg,M1.0
2011,9,25,02:27,02:33,02:37,4.4,12,-49,N12E49,unc,11302,b-g-d,u,u,u,u,no,no,no,no,no,M4.4
2011,9,25,04:31,04:50,05:05,7.4,11,-47,N11E47,unc,11302,b-g-d,u,u,u,u,no,no,no,no,no,M7.4
2011,9,25,08:46,08:49,08:52,3.1,15,-45,N15E45,yes,11302,b-g-d,no,no,no,no,no,no,no,no,no,M3.1
2011,9,25,09:25,09:35,09:53,1.5,-28,71,S28W71,unc,11303,beta,u,u,u,u,no,no,no,no,no,M1.5
2011,9,25,15:26,15:33,15:38,3.7,16,-43,N16E43,unc,11302,b-g-d,u,u,u,u,no,no,yes,rise,no,M3.7
2011,9,25,16:51,16:58,17:09,2.2,-28,75,S28W75,yes,11303,beta,no,no,no,no,no,no,no,no,no,M2.2
2011,9,26,05:06,05:08,05:13,4,13,-34,N13E34,yes,11302,b-g-d,no,no,no,no,no,no,no,no,no,M4.0
2011,9,26,14:37,14:46,15:02,2.6,14,-30,N14E30,no,11302,b-g-d,15:12u,240,31,82,no,no,weak,rise,no,M2.6
2011,9,28,13:24,13:28,13:30,1.2,13,-3,N13E03,no,11302,alpha,13:36u,562,22,54,no,no,no,no,no,M1.2
2011,9,30,18:55,19:06,19:15,1,8,-6,N08E06,no,11305,beta-gamma,19:24u,339,14,49,no,no,yes,rise,dg,M1.0
2011,10,1,08:56,09:59,10:17,1.2,10,6,N10W06,no,11305,beta-gamma,9:36,448,203,315,no,no,yes,rise,no,M1.2
2011,10,2,00:37,00:50,00:59,3.9,9,12,N09W12,yes,11305,beta-gamma,no,no,no,no,no,no,yes,rise,?,M3.9
2011,10,2,17:19,17:23,17:26,1.3,9,56,N09W56,no,11302,b-g-d,18:24u,241,48,289,no,no,no,no,no,M1.3
2011,10,20,03:10,03:25,03:44,1.6,16,68,N16W68,no,11319v,beta-gamma-v,3:36,893,193,288,no,no,yes,rise,no,M1.6
2011,10,21,12:53,13:00,13:08,1.3,5,79,N05W79,no,11319,beta-gamma,13:26,317,109,250,no,211.189795,yes,rise,yes,M1.3
2011,10,22,10:00,11:10,13:09,1.3,25,77,N25W77,no,11314,alpha,10:24,1005,360,311,no,6238.967934,occulted,rise,no,M1.3
2011,10,31,14:55,15:08,15:27,1.1,20,-88,N20E88,no,11336v,alpha-v,16:24u,404,108,26,no,no,no,no,no,M1.1
2011,10,31,17:21,18:08,18:50,1.4,21,-88,N21E88,yes,11336v,alpha-v,no,no,no,no,no,no,no,no,no,M1.4
2011,11,2,21:52,22:01,22:19,4.3,20,-73,N20E73,yes,11339,beta,no,no,no,no,no,no,no,no,no,M4.3
2011,11,3,10:58,11:11,11:20,2.5,22,-69,N22E69,yes,11339,beta-gamma,no,no,no,no,no,no,no,no,no,M2.5
2011,11,3,23:28,23:36,23:44,2.1,19,-61,N19E61,yes,11339,beta-gamma,no,no,no,no,no,no,no,no,no,M2.1
2011,11,4,20:31,20:40,20:46,1,18,-46,N18E46,yes,11339,b-g-d,no,no,no,no,no,no,no,no,no,M1.0
2011,11,5,03:08,03:35,03:58,3.7,20,-45,N20E45,yes,11339,b-g-d,no,no,no,no,no,no,no,no,no,M3.7
2011,11,5,11:10,11:21,11:42,1.1,21,-42,N21E42,yes,11339,b-g-d,no,no,no,no,no,no,weak,decline,no,M1.1
2011,11,5,20:31,20:38,20:54,1.8,21,-34,N21E34,yes,11339,b-g-d,no,no,no,no,no,no,no,no,no,M1.8
2011,11,6,00:46,01:03,01:24,1.2,21,35,N21E35,no,11339,b-g-d,1:25,222,141,86,no,no,no,no,no,M1.2
2011,11,6,06:14,06:35,06:41,1.4,21,-31,N21E31,yes,11339,b-g-d,no,no,no,no,no,no,weak,rise,no,M1.4
2011,11,9,13:04,13:35,14:12,1.1,24,-36,N24E36,no,11342,beta,13:36,907,360,48,no,no,yes,rise,yes,M1.1
2011,11,15,09:03,09:12,09:23,1.2,20,74,N20W74,no,11348,beta,9:48,510,84,331,no,no,yes,rise,no,M1.2
2011,11,15,12:30,12:43,12:50,1.9,-17,-30,S17E30,no,11346,beta,12:24,163,80,105,no,no,no,no,no,M1.9
2011,11,15,22:27,22:35,22:42,1.1,20,80,N20W80,yes,11348,beta,no,no,no,no,no,no,u,decline,no,M1.1
2011,12,25,18:11,18:16,18:20,4,-22,26,S22W26,no,11387,beta-on-nd,18:48,366,125,235,0.0479,2472.402287,yes,decline,?,M4.0
2011,12,26,02:13,02:27,02:36,1.5,-21,33,S21W33,no,11387,beta,3:12,422,126,248,no,no,yes,rise,no,M1.5
2011,12,26,20:12,20:30,20:36,2.3,-21,42,S21W42,no,11387,beta,20:57,448,74,227,no,no,yes,decline,no,M2.3
2011,12,29,13:40,13:50,14:01,1.9,-25,-70,S25E70,unc,11389,beta,dg,dg,dg,dg,no,no,check,,,M1.9
2011,12,29,21:43,21:51,21:59,2,-27,-65,S27E65,unc,11389,beta,dg,dg,dg,dg,no,no,weak,rise,no,M2.0
2011,12,30,03:03,03:09,03:13,1.2,-27,-64,S27E64,unc,11389,beta,u,u,u,u,no,no,no,no,no,M1.2
2011,12,31,13:09,13:15,13:19,2.4,-25,-44,S25E44,yes,11389,beta-gamma,no,no,no,no,no,no,no,no,no,M2.4
2011,12,31,16:16,16:26,16:34,1.5,-26,-42,S26E42,unc,11389,beta-gamma,u,u,u,u,no,no,yes,decline,no,M1.5
2012,1,14,13:14,13:18,13:20,1.4,14,-88,N14E88,yes,11401,alpha-on-nd,no,no,no,no,no,no,no,no,no,M1.4
2012,1,17,04:41,04:53,05:07,1,18,-54,N18E54,no,11401,beta,05:48u,172,26,94,no,no,no,no,no,M1.0
2012,1,18,19:04,19:12,19:27,1.7,17,-33,N17E33,yes,11401,beta-gamma,no,no,no,no,no,no,no,no,no,M1.7
2012,1,19,13:44,16:05,17:50,3.2,32,-22,N32E22,no,11402,beta,14:36,1120,360,20,0.0173,939.437525,yes,rise,yes,M3.2
2012,1,23,03:38,03:59,04:34,8.7,28,21,N28W21,no,11402,beta,4:00,2175,360,326,153.2,170579.5561,yes,rise,yes,M8.7
2012,2,6,19:31,20:00,20:17,1,19,60,N19W60,yes,11410,beta,no,no,no,no,no,no,no,no,no,M1.0
2012,3,2,17:29,17:46,18:07,3.3,16,-83,N16E83,no,11429,nospots,18:00,710,206,59,no,no,yes,decline,no,M3.3
2012,3,4,10:29,10:52,12:16,2,19,-61,N19E61,no,11429,beta-gamma,11:00,1306,360,52,0.0384,1801.177763,yes,decline,yes,M2.0
2012,3,5,19:10,19:16,19:21,2.1,14,-44,N14E44,yes,11429,b-g-d,no,no,no,no,no,no,no,no,no,M2.1
2012,3,5,19:27,19:30,19:32,1.8,14,-44,N14E44,yes,11429,b-g-d,no,no,no,no,no,no,no,no,no,M1.8
2012,3,5,22:26,22:34,22:42,1.3,16,-43,N16E43,yes,11429,b-g-d,no,no,no,no,no,no,no,no,no,M1.3
2012,3,6,00:22,00:28,00:31,1.3,16,-41,N16E41,yes,11429,beta-delta,no,no,no,no,no,no,no,no,no,M1.3
2012,3,6,01:36,01:44,01:50,1.2,16,-41,N16E41,yes,11429,beta-delta,no,no,no,no,no,no,no,no,no,M1.2
2012,3,6,04:01,04:05,04:08,1,16,-39,N16E39,no,11429,beta-delta,04:48u,536,111,22,no,no,no,no,no,M1.0
2012,3,6,07:52,07:55,08:00,1,16,-40,N16E40,no,11429,beta-delta,8:12u,599,107,43,no,no,no,no,no,M1.0
2012,3,6,12:23,12:41,12:54,2.1,18,-36,N18E36,yes,11429,beta-delta,no,no,no,no,no,no,no,no,no,M2.1
2012,3,6,21:04,21:11,21:14,1.3,16,-30,N16E30,yes,11429,beta-delta,no,no,no,no,no,no,no,no,no,M1.3
2012,3,6,22:49,22:53,23:11,1,19,32,N19E32,yes,11429,beta-delta,no,no,no,no,no,no,no,no,no,M1.0
2012,3,9,03:22,03:53,04:18,6.3,17,3,N17W03,no,11429,b-g-d,4:26,950,360,29,no,no,yes,decline,yes,M6.3
2012,3,10,17:15,17:44,18:30,8.4,17,24,N17W24,no,11429,b-g-d,18:00,1296,360,5,no,no,yes,rise,yes,M8.4
2012,3,13,17:12,17:41,18:25,7.9,17,66,N17W66,no,11429,beta-gamma,17:36,1884,360,286,10.91,70886.23409,yes,rise,yes,M7.9
2012,3,14,15:08,15:21,15:36,2.8,14,-5,N14E05,no,11432,beta,16:36u,411,101,57,no,no,no,no,no,M2.8
2012,3,15,07:23,07:52,08:08,1.8,14,3,N14W03,yes,11432,beta-gamma,no,no,no,no,no,no,weak,rise,no,M1.8
2012,3,17,20:32,20:39,20:42,1.3,-20,25,S20W25,yes,11434,beta,no,no,no,no,no,no,yes,rise,no,M1.3
2012,3,23,19:34,19:40,19:44,1,-23,-87,S23E87,unc,11445,beta-on-nd,u,u,u,u,no,no,no,no,no,M1.0
2012,4,16,17:24,17:45,18:00,1.7,14,-88,N14E88,no,11461,nospots,17:48,1348,166,88,no,no,yes,rise,no,M1.7
2012,4,27,08:15,08:24,08:29,1,11,30,N11W30,yes,11466,beta,no,no,no,no,no,no,occulted,rise,no,M1.0
2012,5,5,13:19,13:23,13:29,1.4,13,82,N13E82,unc,11476,beta-on-nd,dg,dg,dg,dg,no,no,check,,,M1.4
2012,5,5,22:56,23:01,23:04,1.3,9,-75,N09E75,unc,11476,beta-on-nd,dg,dg,dg,dg,no,no,check,,,M1.3
2012,5,6,01:12,01:18,01:20,1.1,9,-53,sm,unc,11476,beta,dg,dg,dg,dg,no,no,check,,,M1.1
2012,5,6,17:41,17:47,17:52,1.3,10,-64,N10E64,unc,11476,beta,dg,dg,dg,dg,no,no,check,,,M1.3
2012,5,7,14:03,14:31,14:52,1.9,-19,46,S19W46,unc,11471,beta,dg,dg,dg,dg,no,463.078526,check,,,M1.9
2012,5,8,13:02,13:08,13:12,1.4,13,-44,N13E44,unc,11476,beta-gamma,dg,dg,dg,dg,no,no,check,,,M1.4
2012,5,9,12:21,12:32,12:36,4.7,13,-31,N13E31,unc,11476,b-g-d,dg,dg,dg,dg,no,no,check,,,M4.7
2012,5,9,14:02,14:08,14:14,1.8,6,-22,N06E22,unc,11476,b-g-d,dg,dg,dg,dg,no,no,check,,,M1.8
2012,5,9,21:01,21:05,21:09,4.1,11,-21,sm,unc,11476,b-g-d,dg,dg,dg,dg,no,no,check,,,M4.1
2012,5,10,04:11,04:18,04:23,5.7,13,-22,N13E22,unc,11476,b-g-d,dg,dg,dg,dg,no,no,check,,,M5.7
2012,5,10,20:20,20:26,20:30,1.7,10,-8,sm,unc,11476,b-g-d,dg,dg,dg,dg,no,no,check,,,M1.7
2012,5,17,01:25,01:47,02:14,5.1,11,76,N11W76,no,11476,beta,01:48b,1582,360,261,no,no,yes,rise,yes,M5.1
2012,6,3,17:48,17:55,17:57,3.3,16,-38,N16E38,no,11496,beta,18:12,605,180,39,no,no,yes,rise,?,M3.3
2012,6,6,19:54,20:06,20:13,2.1,-19,5,S19W05,no,11494,beta,20:36,494,173,174,no,no,yes,rise,no,M2.1
2012,6,9,11:20,11:32,11:35,1.9,-15,-80,S15E80,yes,11504,beta-on-nd,no,no,no,no,no,no,no,no,no,M1.9
2012,6,9,16:45,16:53,16:56,1.8,-17,-74,S17E74,yes,11504,beta-on-nd,no,no,no,no,no,no,no,no,no,M1.8
2012,6,10,06:39,06:45,06:50,1.3,-15,-66,S15E66,yes,11504,beta,no,no,no,no,no,no,occulted,decline,no,M1.3
2012,6,13,11:29,13:17,14:31,1.2,-16,-18,S16E18,no,11504,beta,13:26,632,253,135,no,no,occulted,decline,no,M1.2
2012,6,14,12:52,14:35,15:56,1.9,-17,-6,S17E06,no,11504,b-g-d,14:12,987,360,144,0.0064,212.103876,yes,rise,?,M1.9
2012,6,28,16:07,16:12,16:15,2.4,16,-45,N16E45,no,11513,beta,16:36,714,104,53,no,no,early,rise,no,M2.4
2012,6,29,09:13,09:20,09:22,2.2,17,-37,N17E37,no,11513,beta-gamma,9:36,904,49,25,no,no,yes,early,no,M2.2
2012,6,30,12:48,12:52,12:54,1,17,-21,N17E21,unc,11513,beta-gamma,u,u,u,u,no,67.089842,yes,early,no,M1.0
2012,6,30,18:26,18:32,18:34,1.6,14,-18,N14E18,no,11513,beta-gamma,18:48,247,33,69,no,no,early,rise,no,M1.6
2012,7,1,19:11,19:18,19:21,2.8,14,4,N14E04,yes,11513,beta-gamma,no,no,no,no,no,no,yes,rise,no,M2.8
2012,7,2,00:26,00:35,00:40,1.1,15,1,N15E01,yes,11513,beta-gamma,no,no,no,no,no,no,yes,rise,no,M1.1
2012,7,2,10:43,10:52,10:57,5.6,-17,-8,S17E08,no,11515,beta-gamma,11:24u,313,125,183,no,no,occulted,rise,no,M5.6
2012,7,2,19:59,20:07,20:13,3.8,-17,1,S17W01,no,11515,beta-gamma,20:24,527,145,189,no,237.865,yes,rise,no,M3.8
2012,7,2,23:49,23:56,00:03,2,-16,2,S16W02,no,11515,beta-gamma,24:48:00,400,97,194,no,no,no,no,no,M2.0
2012,7,4,04:28,04:37,04:45,2.3,-17,18,S17W18,no,11515,b-g-d,5:12,381,110,201,no,no,early,rise,no,M2.3
2012,7,4,09:47,09:55,09:57,5.3,-20,18,S20W18,yes,11515,b-g-d,no,no,no,no,no,no,no,no,no,M5.3
2012,7,4,12:07,12:24,12:32,2.3,-17,22,S17W22,no,11515,b-g-d,12:48,290,62,203,no,no,no,no,no,M2.3
2012,7,4,14:35,14:40,14:42,1.3,-18,18,S18W18,yes,11515,b-g-d,no,no,no,no,no,no,no,no,no,M1.3
2012,7,4,16:33,16:39,16:48,1.8,14,34,N14W34,no,11513,beta-gamma,17:24,662,360,224,no,253.485138,yes,rise,yes,M1.8
2012,7,4,22:03,22:09,22:15,4.6,-16,28,S16W28,no,11515,b-g-d,22:36,556,59,205,no,no,yes,decline,no,M4.6
2012,7,4,23:47,23:55,00:02,1.2,-16,24,sm,yes,11515,b-g-d,no,no,no,no,no,no,no,no,no,M1.2
2012,7,5,01:05,01:10,01:15,2.4,-18,26,S18W26,yes,11515,b-g-d,no,no,no,no,no,no,no,no,no,M2.4
2012,7,5,02:35,02:42,02:47,2.2,-18,27,S18W27,no,11515,b-g-d,03:12u,463,10,234,no,no,occulted,rise,no,M2.2
2012,7,5,03:25,03:36,03:39,4.7,-18,29,S18W29,yes,11515,b-g-d,no,no,no,no,no,no,no,no,no,M4.7
2012,7,5,06:49,06:58,07:05,1.1,-18,39,S18W39,yes,11515,b-g-d,no,no,no,no,no,no,no,no,no,M1.1
2012,7,5,07:40,07:45,07:48,1.3,-18,30,S18W30,yes,11515v,b-g-d-v,no,no,no,no,no,no,no,no,no,M1.3
2012,7,5,10:44,10:48,10:50,1.8,-19,30,S19W30,yes,11515,b-g-d,no,no,no,no,no,no,no,no,no,M1.8
2012,7,5,11:39,11:44,11:49,6.1,-22,-65,S22E68,yes,11519v,alpha-v,no,no,no,no,no,no,no,no,no,M6.1
2012,7,5,13:05,13:18,13:32,1.2,-16,43,S16W43,no,11515,b-g-d,13:24,741,98,223,no,no,tes,rise,no,M1.2
2012,7,5,20:09,20:14,20:28,1.6,-18,37,S18W37,yes,11515,b-g-d,no,no,no,no,no,no,no,no,no,M1.6
2012,7,5,21:37,21:45,21:51,1.6,-12,46,S12W46,no,11515,b-g-d,22:00,980,94,235,no,1086.211745,yes,rise,yes?,M1.6
2012,7,6,01:37,01:40,01:42,2.9,-18,41,S18W41,yes,11515,b-g-d,no,no,no,no,no,no,no,no,no,M2.9
2012,7,6,02:44,02:51,02:58,1,-12,48,S12W48,no,11515,b-g-d,3:12,1059,73,237,no,no,occulted,rise,no,M1.0
2012,7,6,08:17,08:23,08:27,1.5,-17,40,S17W40,yes,11515,b-g-d,no,no,no,no,no,no,no,no,no,M1.5
2012,7,6,10:24,10:29,10:32,1.8,-17,42,S17W42,no,11515,b-g-d,10:36,660,63,222,no,no,early,no,no,M1.8
2012,7,6,13:26,13:30,13:32,1.2,-20,45,S20W45,unc,11515,b-g-d,u,u,u,u,no,no,yes,decline,no,M1.2
2012,7,6,18:48,18:55,19:05,1.3,-18,51,S18W51,unc,11515,b-g-d,dg,dg,dg,dg,no,no,no,no,no,M1.3
2012,7,7,03:10,03:15,03:23,1.2,-17,51,S17W51,yes,11515,b-g-d,no,no,no,no,no,no,no,no,no,M1.2
2012,7,7,08:18,08:28,08:39,1,-16,-76,S16E76,yes,11520,beta-on-nd,no,no,no,no,no,no,no,no,no,M1.0
2012,7,7,10:57,11:03,11:07,2.6,-19,58,S19W58,yes,11515,b-g-d,no,no,no,no,no,no,no,no,no,M2.6
2012,7,8,05:41,05:46,05:52,1.3,-17,65,S17W65,no,11515,beta-gamma,6:00,192,37,229,no,no,no,no,no,M1.3
2012,7,8,09:44,09:53,09:57,1.1,-21,67,S21W67,yes,11515,beta-gamma,no,no,no,no,no,no,weak,rise,no,M1.1
2012,7,8,12:06,12:10,12:13,1.4,-21,69,S21W69,yes,11515,beta-gamma,no,no,no,no,no,no,no,no,no,M1.4
2012,7,8,16:23,16:32,16:42,6.9,-17,74,S17W74,no,11515,beta-gamma,16:36,1572,157,234,0.2148,3855.51087,yes,rise,yes,M6.9
2012,7,9,23:03,23:07,23:11,1.1,-17,-38,S17E38,yes,11520,beta-gamma,no,no,no,no,no,no,occulted,decline,no,M1.1
2012,7,10,04:58,05:14,05:31,1.7,-16,-35,S16E35,yes,11520,b-g-d,no,no,no,no,no,no,occulted,decline,no,M1.7
2012,7,10,06:05,06:27,06:47,2,-17,-30,S17E30,yes,11520,b-g-d,no,no,no,no,no,no,yes,decline,no,M2.0
2012,7,14,04:51,04:58,05:05,1,-22,36,S22W36,yes,11521,beta,no,no,no,no,no,no,occulted,rise,no,M1.0
2012,7,17,12:03,17:15,19:04,1.7,-28,65,S28W65,no,11520,beta-gamma,13:48,958,176,241,1.581,16920.83351,yes,rise,yes,M1.7
2012,7,19,04:17,05:58,06:56,7.7,-13,88,S13W88,no,11520,beta-gamma,5:24,1631,360,275,1.542,12638.45,yes,rise,yes?,M7.7
2012,7,27,17:17,17:26,17:32,2.7,-18,-62,S18E62,no,11532,beta,17:48,393,114,124,no,no,yes,rise,no,M2.7
2012,7,28,20:44,20:56,21:04,6.1,-25,-54,S25E54,no,11532,beta,21:12,420,360,134,no,508.178723,yes,decline,no,M6.1
2012,7,29,06:15,06:22,06:29,2.3,-22,-49,S22E49,yes,11532,beta,no,no,no,no,no,no,no,no,no,M2.3
2012,7,30,15:39,15:48,15:53,1.1,-22,-28,S22E28,yes,11536,beta-on-nd,no,no,no,no,no,no,no,no,no,M1.1
2012,8,6,04:33,04:38,04:41,1.6,-14,-68,S14E68,no,11542,alpha,5:12,198,46,72,no,no,yes,rise,no,M1.6
2012,8,11,11:55,12:20,12:57,1,-28,38,S28W38,no,11540,beta,13:26,177,67,208,no,no,no,no,no,M1.0
2012,8,17,13:12,13:19,13:23,2.4,20,-62,sm-nd,no,11548,nospots,13:36,727,170,53,no,no,yes,rise,no,M2.4
2012,8,17,17:08,17:20,17:27,1,20,-62,sm-nd,no,11548,nospots,17:36,865,174,42,no,no,yes,rise,no,M1.0
2012,8,18,00:24,01:02,01:07,5.5,19,-86,N19E86,no,11548,beta-on-nd,0:48,986,145,43,no,no,yes,rise,no,M5.5
2012,8,18,03:17,03:23,03:30,1.8,19,-86,N19E86,no,11548,beta-on-nd,3:36,834,143,46,no,no,yes,rise,no,M1.8
2012,8,18,16:02,16:07,16:09,2,19,-80,N19E80,no,11548,beta-on-nd,16:24,734,126,43,no,no,yes,rise,no,M2.0
2012,8,18,22:46,22:54,23:00,1,19,-78,N19E78,no,11548,beta-on-nd,23:36b,698,118,39,no,no,weak,rise,no,M1.0
2012,8,18,23:15,23:22,23:32,1.3,21,-76,N21E76,unc,11548,beta-on-nd,u,u,u,u,no,no,yes,rise,no,M1.3
2012,8,30,12:02,12:11,12:14,1.3,-25,-57,sm,yes,11563,beta,no,no,no,no,no,no,no,no,no,M1.3
2012,9,6,04:06,04:13,04:20,1.6,4,72,sm,no,11560,b-g-d,4:12,215,58,267,no,no,no,no,no,M1.6
2012,9,8,17:35,17:59,18:20,1.4,-13,42,sm,yes,11564,beta,no,no,no,no,no,no,weak,decline,no,M1.4
2012,9,9,21:50,22:36,22:56,1.2,-15,52,S15W52,yes,11564,beta-gamma,no,no,no,no,no,no,no,no,no,M1.2
2012,9,30,04:27,04:33,04:42,1.3,12,81,N12W81,yes,11583,beta,no,no,no,no,no,no,no,no,no,M1.3
2012,10,8,11:05,11:17,11:23,2.3,17,-88,N17E88,yes,11589-nd-v,nospots,no,no,no,no,no,no,no,no,no,M2.3
2012,10,9,23:22,23:31,23:35,1.7,-29,-86,S29E86,unc,u,u,dg,dg,dg,dg,no,no,check,,,M1.7
2012,10,10,04:51,05:04,05:20,1,-29,-86,S29E86,yes,u,u,no,no,no,no,no,no,no,no,no,M1.0
2012,10,20,18:05,18:14,18:19,9,-12,-88,S12E88,no,11598,alpha-on-nd,18:36,330,130,101,no,no,no,no,no,M9.0
2012,10,21,19:46,20:03,20:20,1.3,-10,-76,S10E76,no,11598,alpha,20:57,496,243,90,no,no,no,no,no,M1.3
2012,10,22,18:38,18:51,19:01,5,-12,-61,S12E61,yes,11598,beta,no,no,no,no,no,no,no,no,no,M5.0
2012,11,8,02:08,02:23,02:55,1.7,13,-89,N13E89,no,11611,beta-on-nd,2:36,855,360,46,no,no,yes,rise,no,M1.7
2012,11,11,02:11,02:33,02:52,1,15,-89,N15E89,no,11614,beta-on-nd,2:48,407,68,63,no,no,yes,rise,no,M1.0
2012,11,12,23:13,23:28,23:33,2,-25,-47,S25E47,unc,11613,alpha,dg,dg,dg,dg,no,no,yes,rise,no,M2.0
2012,11,13,01:58,02:04,02:06,6,-25,-46,S25E46,no,11613,beta,2:24,851,141,141,no,no,yes,rise,no,M6.0
2012,11,13,05:42,05:50,05:54,2.5,-25,-44,S26E44,no,11613,beta,6:00,797,119,138,no,no,yes,rise,no,M2.5
2012,11,13,20:50,20:54,20:57,2.8,-22,-33,S22E33,no,11613,beta,21:36,432,186,102,no,no,yes,decline,no,M2.8
2012,11,14,03:59,04:04,04:07,1.1,-23,-27,S23E27,no,11613,b-g-d,4:24,478,94,107,no,no,yes,rise,no,M1.1
2012,11,20,12:36,12:41,12:46,1.7,6,-20,N06E20,unc,11618,beta-gamma,u,u,u,u,no,no,yes,rise,no,M1.7
2012,11,20,19:21,19:28,19:32,1.6,7,-15,N07E15,yes,11618,beta-gamma,no,no,no,no,no,no,u,decline,no,M1.6
2012,11,21,06:45,06:56,07:08,1.4,6,-10,N06E10,yes,11618,beta-gamma,no,no,no,no,no,no,no,no,no,M1.4
2012,11,21,15:10,15:30,15:38,3.5,5,-5,N05E05,unc,11618,beta-gamma,u,u,u,u,no,no,yes,rise,no,M3.5
2012,11,27,15:52,15:57,16:03,1.6,5,73,N05W73,yes,11618,b-g-d,no,no,no,no,no,no,no,no,no,M1.6
2012,11,27,21:05,21:26,21:30,1,-14,41,S14W41,yes,11620,beta-gamma,no,no,no,no,no,no,early,no,no,M1.0
2012,11,28,21:20,21:36,21:48,2.2,-14,57,S14W57,yes,11620,b-g-d,no,no,no,no,no,no,no,no,no,M2.2
2013,1,5,09:26,09:31,09:34,1.7,20,-88,N20E88,yes,11652,alpha-on-nd,no,no,no,no,no,no,no,no,no,M1.7
2013,1,11,08:43,09:11,09:17,1.2,5,-36,N05E36,yes,11654,beta-gamma,no,no,no,no,no,no,yes,rise,no,M1.2
2013,1,11,14:51,15:07,15:24,1,6,-39,N06E39,no,11654,beta-gamma,16:12,334,54,60,no,no,no,no,no,M1.0
2013,1,13,00:45,00:50,00:52,1,18,18,N18W18,yes,11652,beta-gamma,no,no,no,no,no,no,no,no,no,M1.0
2013,1,13,08:35,08:38,08:40,1.7,17,22,N17W22,no,11652,beta-gamma,8:48,696,46,296,no,no,occulted,rise,no,M1.7
2013,2,17,15:45,15:50,15:52,1.9,12,-22,N12E22,yes,11675,beta,no,no,no,no,no,no,no,no,no,M1.9
2013,3,5,07:47,07:54,07:59,1.2,-15,54,S15W54,yes,11686,beta,no,no,no,no,no,no,no,no,no,M1.2
2013,3,15,05:46,06:58,08:35,1.1,11,-12,N11E12,no,11692,alpha,7:12,1063,360,112,0.009,1246.889927,yes,rise,yes,M1.1
2013,3,21,21:42,22:04,22:36,1.6,9,88,N09W88,no,11692,beta,22:24,561,192,271,no,no,yes,rise,no,M1.6
2013,4,5,17:34,17:48,18:04,2.2,7,-88,N07E88,yes,11719,alpha-on-nd,no,no,no,no,no,no,no,no,no,M2.2
2013,4,11,06:55,07:16,07:29,6.5,9,-12,N09E12,no,11719,beta-gamma,7:24,861,360,85,2.932,14073.35204,yes,rise,yes,M6.5
2013,4,12,19:52,20:38,20:46,3.3,21,42,N21W42,yes,11718,beta-gamma,no,no,no,no,no,no,no,no,no,M3.3
2013,4,22,10:22,10:29,10:31,1,13,24,N13W24,no,11726,b-g-d,11:12u,402,74,322,no,no,yes,rise,no,M1.0
2013,5,2,04:58,05:10,05:19,1.1,10,26,N10W26,no,11731,b-g-d,5:24,671,99,343,no,193.770211,yes,rise,no,M1.1
2013,5,3,16:39,16:55,17:22,1.3,10,38,N10W38,yes,11731,b-g-d,no,no,no,no,no,no,no,no,no,M1.3
2013,5,3,17:24,17:32,17:41,5.7,16,-81,N16E81,yes,11739,beta-on-nd,no,no,no,no,no,no,no,no,no,M5.7
2013,5,5,17:42,17:56,17:58,1.4,13,-49,N13E49,no,11739,beta-gamma,18:00b,858,274,42,no,no,yes,rise,no,M1.4
2013,5,10,00:44,00:57,01:08,3.9,12,-88,N12E88,yes,11745,alpha-on-nd,no,no,no,no,no,no,weak,rise,no,M3.9
2013,5,10,12:37,12:56,13:04,1.3,12,-89,N12E89,yes,11745,alpha-on-nd,no,no,no,no,no,no,no,no,no,M1.3
2013,5,12,20:17,20:32,21:03,1.9,10,-89,N10E89,no,11748,nospots,20:36,462,60,105,no,no,yes,rise,no,M1.9
2013,5,12,22:37,22:44,22:52,1.2,10,-89,N10E89,yes,11748,nospots,no,no,no,no,no,no,yes,rise,no,M1.2
2013,5,13,11:57,12:03,12:09,1.3,10,-89,N19E89,yes,11748,nospots,no,no,no,no,no,no,no,no,no,M1.3
2013,5,16,21:36,21:53,22:03,1.3,13,-41,N13E41,yes,11748,b-g-d,no,no,no,no,no,no,yes,decline,no,M1.3
2013,5,17,08:43,08:57,09:19,3.2,12,-57,N12E57,no,11748,b-g-d,9:12,1345,360,50,no,no,yes,rise,no,M3.2
2013,5,20,05:16,05:25,06:03,1.7,9,-89,N09E89,no,11755,nospots,5:24,334,181,43,no,no,occulted,rise,no,M1.7
2013,5,22,13:08,13:32,14:08,5,15,70,N15W70,no,11745,beta,13:26,1466,360,287,61.84,130430.2596,yes,rise,yes,M5.0
2013,5,31,19:52,20:00,20:06,1,13,-43,N13E43,no,11760,beta,20:36,388,100,95,no,no,yes,rise,no,M1.0
2013,6,5,08:14,08:57,09:26,1.3,-32,51,S32W51,no,11762,b-g-d,9:12,505,214,190,no,no,yes,rise,?,M1.3
2013,6,7,22:11,22:49,23:04,5.9,-32,89,S32W89,no,11762,beta,23:12,770,150,209,no,no,yes,rise,no,M5.9
2013,6,21,02:30,03:14,03:43,2.9,-16,-73,S16E73,no,11777,alpha,3:12,1900,207,107,0.1223,1770.562098,yes,rise,yes,M2.9
2013,6,23,20:48,20:56,20:59,2.9,-15,-62,S15E62,no,11778,alpha,21:24,339,101,133,no,no,yes,decline,no,M2.9
2013,7,3,07:00,07:08,07:18,1.5,-11,-82,S11E82,no,11787,beta-on-nd,7:24,807,267,105,no,no,yes,decline,no,M1.5
2013,8,12,10:21,10:41,10:47,1.5,-17,-19,S17E19,no,11817,beta,12:00u,297,144,165,no,no,delayed,no,no,M1.5
2013,8,17,18:16,18:24,18:35,3.3,-7,30,S07W30,yes,11818,b-g-d,no,no,no,no,no,no,occulted,rise,no,M3.3
2013,8,17,18:49,19:33,19:54,1.4,-5,30,S05W30,no,11818,b-g-d,19:12,1202,360,274,0.0049,398.229579,occulted,rise,yes,M1.4
2013,10,9,01:23,01:48,01:56,2.8,-23,-71,S23E71,no,11865,beta,2:12,407,96,123,no,no,dg,dg,dg,M2.8
2013,10,11,07:01,07:25,07:45,1.5,21,-44,S21E44,no,11865,b-g-d,7:24,1200,230,92,no,182.510312,yes,rise,yes,M1.5
2013,10,13,00:12,00:43,01:05,1.7,-22,-17,S22E17,no,11865,b-g-d,1:26,478,194,157,no,no,yes,rise,no,M1.7
2013,10,15,08:26,08:38,08:48,1.8,-22,13,S22W13,yes,11865,b-g-d,no,no,no,no,no,no,yes,decline,no,M1.8
2013,10,15,23:31,23:36,23:41,1.3,-23,20,S23W20,yes,11865,b-g-d,no,no,no,no,no,no,yes,rise,no,M1.3
2013,10,17,15:09,15:41,15:58,1.2,-9,62,S09W62,yes,11861,beta-gamma,no,no,no,no,no,no,occulted,rise,no,M1.2
2013,10,22,00:14,00:22,00:28,1,6,-17,N06E17,yes,11875,b-g-d,no,no,no,no,no,no,no,no,no,M1.0
2013,10,22,14:49,15:20,15:28,1,7,-7,N07E07,no,11875,b-g-d,15:24,351,71,87,no,no,no,no,no,M1.0
2013,10,22,21:15,21:20,21:22,4.2,4,1,N04W01,no,11875,b-g-d,21:48,459,360,190,0.0119,660.593362,yes,rise,yes,M4.2
2013,10,23,20:41,20:53,20:59,2.7,5,6,N05W06,yes,11875,b-g-d,no,no,no,no,no,no,occulted,rise,no,M2.7
2013,10,23,23:33,23:43,23:47,1.4,7,7,N07W07,yes,11875,b-g-d,no,no,no,no,no,no,no,no,no,M1.4
2013,10,23,23:58,00:08,00:16,3.1,6,8,N06W08,yes,11875,b-g-d,no,no,no,no,no,no,no,no,no,M3.1
2013,10,24,00:21,00:30,00:35,9.3,-10,-8,S10E08,no,11877,b-g-d,01:25u,399,360,217,no,no,yes,rise,no,M9.3
2013,10,24,09:59,10:09,10:17,2.5,6,14,N06W14,yes,11875,b-g-d,no,no,no,no,no,no,yes,rise,no,M2.5
2013,10,24,10:30,10:33,10:37,3.5,7,13,N07W13,yes,11875,b-g-d,no,no,no,no,no,no,yes,rise,no,M3.5
2013,10,25,02:48,03:02,03:12,2.9,-7,-76,S07E76,no,11882,beta,03:24b,344,121,86,no,no,yes,decline,no,M2.9
2013,10,25,09:43,10:12,10:25,1,-3,-68,S03E68,yes,11882,beta,no,no,no,no,no,no,no,no,no,M1.0
2013,10,25,17:02,17:09,17:16,1.3,-8,-67,S08E67,yes,11882,beta,no,no,no,no,no,no,no,no,no,M1.3
2013,10,25,19:05,19:21,19:24,2.3,-6,-66,S06E66,yes,11882,beta,no,no,no,no,no,no,occulted,decline,no,M2.3
2013,10,25,20:54,20:58,21:13,1.9,-7,-64,S07E64,yes,11882,beta,no,no,no,no,no,no,no,no,no,M1.9
2013,10,26,05:59,06:06,06:20,2.3,-9,-61,S09E61,yes,11882,b-g-d,no,no,no,no,no,no,no,no,no,M2.3
2013,10,26,09:17,09:37,09:48,1.5,-10,-58,S10E58,unc,11882,b-g-d,u,u,u,u,no,no,yes,rise,yes,M1.5
2013,10,26,10:48,11:17,11:34,1.8,-5,-58,S05E58,no,11882,b-g-d,11:24,796,360,75,no,no,yes,rise,no,M1.8
2013,10,26,19:24,19:27,19:30,3.1,-9,-81,S09E81,yes,11884,alpha-on-nd,no,no,no,no,no,no,no,no,no,M3.1
2013,10,26,19:49,19:53,19:58,1,-7,-53,S07E53,unc,11882,b-g-d,u,u,u,u,no,no,no,no,no,M1.0
2013,10,27,12:36,12:48,12:52,3.5,6,63,N06W63,unc,11875,b-g-d,u,u,u,u,no,388.633611,yes,rise,no,M3.5
2013,10,28,04:32,04:41,04:46,5.1,8,71,N08W71,no,11875,b-g-d,4:48,1201,156,313,no,no,yes,rise,yes,M5.1
2013,10,28,11:32,11:53,12:39,1.4,-16,44,S16W44,no,11877,b-g-d,12:12,681,27,282,no,no,yes,rise,no,M1.4
2013,10,28,14:00,14:05,14:12,2.8,6,75,N06W75,no,11875,b-g-d,14:12,1073,93,303,no,no,yes,rise,?,M2.8
2013,10,28,14:46,15:01,15:04,2.7,-8,-28,S08E28,yes,11882,b-g-d,no,no,no,no,no,no,no,no,no,M2.7
2013,10,28,15:07,15:15,15:21,4.4,-6,-28,S06E28,no,11882,b-g-d,15:36,812,360,86,no,no,yes,rise,yes,M4.4
2013,10,28,20:48,20:57,21:02,1.5,7,83,N07W83,no,11875,b-g-d,21:25,771,142,301,no,no,yes,rise,no,M1.5
2013,10,31,13:36,13:51,14:02,1.9,-10,88,S10W88,yes,11877,beta,no,no,no,no,no,no,no,no,no,M1.9
2013,11,1,19:46,19:53,19:58,6.3,-11,-1,S11E01,yes,11884,b-g-d,no,no,no,no,no,no,no,no,no,M6.3
2013,11,2,22:13,22:21,22:25,1.6,-12,11,S12W11,yes,11884,beta-gamma,no,no,no,no,no,no,no,no,no,M1.6
2013,11,3,05:16,05:22,05:26,5,-12,16,S12W16,yes,11884,b-g-d,no,no,no,no,no,no,no,no,no,M5.0
2013,11,5,08:12,08:18,08:21,2.5,-17,-48,S17E48,no,11890,b-g-d,8:24,850,197,145,no,no,occulted,rise,no,M2.5
2013,11,5,18:08,18:13,18:17,1,-15,-46,S15E46,yes,11890,b-g-d,no,no,no,no,no,no,yes,rise,no,M1.0
2013,11,6,13:39,13:46,13:53,3.8,-12,-37,S12E37,no,11890,b-g-d,14:24,347,122,159,no,no,yes,decline,no,M3.8
2013,11,6,23:44,00:02,00:14,1.8,-11,97,S11W97,no,u,u,0:00,1033,360,233,0.0578,3644.3075,yes,rise,no,M1.8
2013,11,7,03:34,03:40,03:43,2.3,-14,-28,S14E28,no,11890,b-g-d,4:24,373,69,161,no,no,yes,decline,no,M2.3
2013,11,7,14:15,14:25,14:31,2.4,-13,-23,S13E23,no,11890,b-g-d,15:12u,411,360,130,no,no,u,decline,no,M2.4
2013,11,8,09:22,09:28,09:31,2.3,-18,28,S18W28,yes,11891,beta-delta,no,no,no,no,no,no,no,no,no,M2.3
2013,11,11,11:01,11:18,11:30,2.4,-17,-74,S17E74,yes,11897,beta-on-nd,no,no,no,no,no,no,no,no,no,M2.4
2013,11,13,14:57,15:20,15:41,1.4,-20,-49,S20E49,no,11897,beta-gamma,15:36u,438,109,45,no,no,no,no,no,M1.4
2013,11,15,02:20,02:29,02:33,1,7,-52,N07E52,yes,11899,beta,no,no,no,no,no,no,no,no,no,M1.0
2013,11,16,04:47,04:53,04:57,1.2,-18,29,S18W29,yes,11900,beta-gamma,no,no,no,no,no,no,no,no,no,M1.2
2013,11,16,07:45,07:49,07:53,1.6,-19,29,S19W29,yes,11900,beta-gamma,no,no,no,no,no,no,no,no,no,M1.6
2013,11,17,05:06,05:10,05:13,1,-20,42,S20W42,unc,11900,beta-gamma,u,u,u,u,no,no,no,no,no,M1.0
2013,11,21,10:52,11:11,11:42,1.2,-14,89,S14W89,no,11893,beta,11:36,668,148,232,no,no,yes,decline,no,M1.2
2013,11,23,02:20,02:32,02:49,1.1,14,56,N14W56,yes,11904,beta-gamma-on-nd,no,no,no,no,no,no,occulted,decline,no,M1.1
2013,11,23,12:49,12:57,13:05,1,12,64,N12W64,yes,11904,beta-gamma-on-nd,no,no,no,no,no,no,no,no,no,M1.0
2013,12,7,07:17,07:29,07:49,1.2,-16,49,S16W49,no,11909,beta,7:36,1085,360,274,no,144.437362,yes,rise,yes,M1.2
2013,12,19,23:06,23:19,23:26,3.5,-16,-89,S16E89,no,11934,nospots,23:48,244,99,102,no,no,no,no,no,M3.5
2013,12,20,11:35,11:57,12:07,1.6,-16,-78,S16E78,yes,11934,nospots,no,no,no,no,no,no,early,rise,no,M1.6
2013,12,22,08:05,08:11,08:18,1.9,-20,49,S20W49,no,11928,beta-gamma,8:48,231,32,210,no,no,yes,early,no,M1.9
2013,12,22,08:33,08:37,08:41,1.1,-17,52,S17W52,unc,11928,beta-gamma,u,u,u,u,no,no,no,no,no,M1.1
2013,12,22,14:24,14:38,14:48,1.6,-18,-44,S18E44,yes,11934,beta,no,no,no,no,no,no,no,no,no,M1.6
2013,12,22,15:06,15:12,15:19,3.3,-19,56,S19W56,yes,11928,beta-gamma,no,no,no,no,no,no,no,no,no,M3.3
2013,12,22,21:23,22:08,22:13,1.6,-17,58,S17W58,no,11928,beta-gamma,22:36,213,32,212,no,no,weak,rise,no,M1.6
2013,12,22,23:44,00:03,00:05,1.3,-17,60,S17W60,no,11928,beta-gamma,24:24:00,690,184,92,no,no,yes,rise,no,M1.3
2013,12,23,08:59,09:06,09:09,1.6,-21,63,S21W63,yes,11928,beta-gamma,no,no,no,no,no,no,no,no,no,M1.6
2013,12,29,07:49,07:56,08:00,3.1,-18,-1,S18E01,unc,11936,beta-gamma,u,u,u,u,no,no,yes,rise,no,M3.1
2013,12,31,21:45,21:58,22:20,6.4,-16,35,S16W35,no,11936,b-g-d,22:36u,271,87,251,no,no,no,no,no,M6.4
2014,1,1,18:40,18:52,19:03,9.9,-14,47,S14W47,no,11936,b-g-d,19:48b,326,113,271,no,no,yes,decline,no,M9.9
2014,1,2,02:24,02:33,02:56,1.7,-5,-76,S05E76,unc,11944,beta,u,u,u,u,no,no,yes,rise,no,M1.7
2014,1,2,22:12,22:18,22:22,1.2,-5,-73,S05E72,yes,11944,beta,no,no,no,no,no,no,no,no,no,M1.2
2014,1,3,12:41,12:50,12:54,1,-4,-52,S04E52,yes,11944,beta-gamma,no,no,no,no,no,no,weak,rise,no,M1.0
2014,1,3,21:09,21:14,21:19,1.1,-6,-56,S06E56,yes,11944,beta-gamma,no,no,no,no,no,no,no,no,no,M1.1
2014,1,4,10:16,10:25,10:41,1.3,-5,-48,S05E48,unc,11944,beta-gamma,dg,dg,dg,dg,no,no,no,no,no,M1.3
2014,1,4,18:47,19:46,20:23,4,-11,-33,S11E33,no,11943v,beta-v,21:23,977,360,195,0.0067,454.427977,yes,rise,yes,M4.0
2014,1,4,22:12,22:52,23:22,1.9,-6,-56,S06E56,no,11936,beta-gamma,23:12b,567,201,283,no,no,occulted,rise,?,M1.9
2014,1,7,03:49,03:53,03:56,1,7,-8,N07E08,yes,11946,beta-gamma,no,no,no,no,no,no,no,no,no,M1.0
2014,1,7,10:07,10:13,10:37,7.2,-13,-11,S13E11,no,11944,b-g-d,10:36b,451,71,148,no,no,no,no,no,M7.2
2014,1,8,03:39,03:47,03:54,3.6,11,81,N11W81,no,11947,beta,4:12,643,108,305,no,no,weak,decline,no,M3.6
2014,1,13,21:48,21:51,21:53,1.3,-7,11,S07W11,no,11944,beta-gamma,22:24u,330,124,316,no,no,occulted,decline,no,M1.3
2014,1,27,01:05,01:22,01:39,1,-16,-88,S16E88,no,11967,beta-on-nd,1:36,300,61,116,no,no,weak,decline,no,M1.0
2014,1,27,02:02,02:11,02:18,1.1,-13,-88,S13E88,no,11967,beta-on-nd,02:12u,687,131,71,no,no,yes,rise,no,M1.1
2014,1,27,22:05,22:10,22:15,4.9,-14,-88,S14E88,yes,11967,beta-on-nd,no,no,no,no,no,no,no,no,no,M4.9
2014,1,28,04:02,04:09,04:13,1.5,-14,-88,S14E88,yes,11967,beta,no,no,no,no,no,no,no,no,no,M1.5
2014,1,28,07:25,07:31,07:34,3.6,-10,-75,S10E75,no,11967,beta,7:48u,493,97,59,no,no,yes,rise,no,M3.6
2014,1,28,11:34,11:38,11:41,1.4,-10,-72,S10E72,no,11967,beta,11:48u,656,55,66,no,no,yes,rise,no,M1.4
2014,1,28,12:33,12:46,12:50,1.3,-15,-79,S15E79,yes,11967,beta,no,no,no,no,no,no,no,no,no,M1.3
2014,1,28,19:00,19:40,19:46,4.9,-14,-76,S14E76,no,11967,beta,20:12,212,82,116,no,no,yes,rise,no,M4.9
2014,1,28,22:04,22:16,22:20,2.6,-14,-75,S14E75,no,11967,beta,22:24,462,91,102,no,no,yes,rise,no,M2.6
2014,1,30,06:33,06:39,06:44,2.1,-15,-54,S15E54,yes,11967,b-g-d,no,no,no,no,no,no,no,no,no,M2.1
2014,1,30,07:54,08:11,08:41,1.1,-12,52,S12E52,no,11967,b-g-d,8:24,458,360,112,no,no,yes,rise,no,M1.1
2014,1,30,15:48,16:11,16:28,6.6,-13,-58,S13E58,no,11967,b-g-d,16:24,1087,360,117,no,no,yes,rise,no,M6.6
2014,1,31,15:32,15:42,15:53,1.1,7,-34,N07E34,no,11968,beta-gamma,16:24,462,170,23,no,no,weak,rise,no,M1.1
2014,2,1,01:19,01:25,01:38,1,-11,-26,S11E26,yes,11967,b-g-d,no,no,no,no,no,no,no,no,no,M1.0
2014,2,1,07:14,07:23,07:36,3,-11,-23,S11E23,yes,11967,b-g-d,no,no,no,no,no,no,yes,decline,no,M3.0
2014,2,2,06:24,06:34,06:37,2.6,12,-18,N12E18,no,11968,beta-gamma,6:48,230,132,84,no,no,no,no,no,M2.6
2014,2,2,07:17,08:20,08:29,2.2,-10,-14,S10E14,yes,11967,b-g-d,no,no,no,no,no,no,yes,rise,no,M2.2
2014,2,2,09:24,09:31,09:36,4.4,-11,-13,S11E13,unc,11967,b-g-d,u,u,u,u,no,no,yes,decline,no,M4.4
2014,2,2,14:01,14:06,14:09,1.3,12,-14,N12E14,yes,11967?,b-g-d,no,no,no,no,no,no,yes,decline,no,M1.3
2014,2,2,16:24,16:29,16:36,1,9,-6,N09E06,yes,11968,beta-gamma,no,no,no,no,no,no,no,no,no,M1.0
2014,2,2,18:05,18:11,18:18,3.1,-10,-8,S10E08,yes,11967,b-g-d,no,no,no,no,no,no,weak,decline,no,M3.1
2014,2,2,21:24,22:04,22:14,1.3,-10,-1,S10E01,yes,11967,b-g-d,no,no,no,no,no,no,occulted,rise,no,M1.3
2014,2,4,01:16,01:23,01:31,3.8,9,13,N09W13,no,11968,beta-gamma,01:26u,528,181,208,no,no,no,no,no,M3.8
2014,2,4,03:57,04:00,04:06,5.2,-14,6,S14W06,yes,11967,b-g-d,no,no,no,no,no,no,no,no,no,M5.2
2014,2,4,09:38,09:49,09:58,1.4,-14,11,S14W11,yes,11967,b-g-d,no,no,no,no,no,no,no,no,no,M1.4
2014,2,4,15:25,16:02,16:49,1.5,-12,12,S12W12,no,11967,b-g-d,16:36,368,189,212,no,no,occulted,rise,no,M1.5
2014,2,5,16:11,16:20,16:42,1.3,-10,36,S10W36,yes,11967,b-g-d,no,no,no,no,no,no,no,no,no,M1.3
2014,2,6,22:56,23:05,23:10,1.5,-15,48,S15W48,yes,11967,b-g-d,no,no,no,no,no,no,no,no,no,M1.5
2014,2,7,04:47,04:56,05:04,2,-15,50,S15W50,no,11967,b-g-d,05:36u,628,15,246,no,no,no,no,no,M2.0
2014,2,7,10:25,10:29,10:31,1.9,9,53,N09W53,no,11968,beta-gamma,10:36u,421,11,307,no,no,no,no,no,M1.9
2014,2,9,15:40,16:17,16:52,1,-16,-88,S16E88,no,11976,beta,16:00,908,360,104,no,no,occulted,rise,no,M1.0
2014,2,11,03:22,03:31,03:39,1.7,-12,-17,S12E17,unc,11974,beta-gamma,u,u,u,u,no,85.7099,yes,rise,no,M1.7
2014,2,11,16:34,16:51,17:10,1.8,-13,-21,S13E21,unc,11974,beta-gamma,u,u,u,u,no,no,yes,rise,no,M1.8
2014,2,12,03:52,04:25,04:38,3.7,-12,2,S12W02,no,11974,b-g-d,06:00u,373,360,328,no,no,yes,decline,no,M3.7
2014,2,12,06:54,06:58,07:04,2.3,-13,1,S13W01,yes,11974,b-g-d,no,no,no,no,no,no,no,no,no,M2.3
2014,2,12,15:41,15:51,16:15,2.1,-10,4,S10W04,no,11974,b-g-d,16:36,533,360,331,no,no,yes,decline,no,M2.1
2014,2,13,01:32,01:40,01:50,1.8,-12,9,S12W09,yes,11974,b-g-d,no,no,no,no,no,no,yes,decline,no,M1.8
2014,2,13,02:41,02:51,03:04,1,-11,10,S11W10,yes,11974,b-g-d,no,no,no,no,no,no,no,no,no,M1.0
2014,2,13,05:49,06:07,06:13,1.7,-12,15,S12W15?,yes,11974,b-g-d,no,no,no,no,no,no,no,no,no,M1.7
2014,2,13,08:05,08:12,08:19,1,-12,13,S12W13,yes,11974,b-g-d,no,no,no,no,no,no,no,no,no,M1.0
2014,2,13,15:45,15:57,16:06,1.4,-13,24,S13W24,no,11974,b-g-d,16:36,502,104,212,no,no,occulted,rise,no,M1.4
2014,2,14,02:40,02:57,03:10,2.3,-12,25,S12W25,unc,11974,b-g-d,u,u,u,u,no,no,yes,rise,no,M2.3
2014,2,14,12:29,12:40,12:45,1.6,-15,36,S15W36,yes,11974,b-g-d,no,no,no,no,no,no,no,no,no,M1.6
2014,2,14,13:21,13:28,13:39,1.1,-13,32,S13W32,yes,11974,b-g-d,no,no,no,no,no,no,no,no,no,M1.1
2014,2,14,16:33,16:39,16:42,1,-13,32,S13W32,no,11974,b-g-d,17:24,283,64,247,no,no,yes,rise,no,M1.0
2014,2,16,09:20,09:26,09:29,1.1,-11,-1,S11E01,no,11977,beta-gamma,10:00,634,360,227,no,305.459571,yes,rise,no,M1.1
2014,2,20,07:26,07:56,08:25,3,-15,73,S15W73,no,11976,alpha,8:00,948,360,268,0.2633,21026.65158,yes,rise,yes,M3.0
2014,2,23,05:50,06:10,06:36,1.1,-16,-88,S16E88,no,u,u,06:48u,540,84,108,no,no,occulted,decline,no,M1.1
2014,2,24,11:03,11:17,11:42,1.2,-12,18,v,no,11990,alpha-on-nd,11:36,495,193,110,no,no,yes,rise,no,M1.2
2014,2,24,12:00,12:05,12:10,1.3,-12,18,S12W18,no,11990,alpha-on-nd,13:36u,266,83,106,no,no,no,no,no,M1.3
2014,2,26,14:52,15:01,15:10,1.1,-13,44,S13W44,no,11982,beta-gamma,15:48,207,80,265,no,no,yes,decline,no,M1.1
2014,2,28,00:44,00:48,00:50,1.1,-24,-53,S24E53,yes,11991,beta,no,no,no,no,no,no,no,no,no,M1.1
2014,3,1,13:18,13:33,13:40,1.1,-12,88,S12W88,no,11982,beta-gamma,13:48,193,89,259,no,no,no,no,no,M1.1
2014,3,2,23:11,23:19,23:26,1.1,15,74,N15W74,yes,11986,nospots,no,no,no,no,no,no,no,no,no,M1.1
2014,3,3,15:54,15:58,16:01,1.2,5,36,N05W36,yes,11989,beta,no,no,no,no,no,no,no,no,no,M1.2
2014,3,5,02:06,02:10,02:12,1,-27,8,S27W08,no,11991,b-g-d,03:36u,551,57,155,no,no,yes,decline,no,M1.0
2014,3,8,23:26,23:41,23:50,1.4,-18,-64,S18E64,yes,12002,beta-on-nd,no,no,no,no,no,no,no,no,no,M1.4
2014,3,9,13:52,13:58,14:05,1,-17,-58,S17E58,yes,12002,beta,no,no,no,no,no,no,no,no,no,M1.0
2014,3,9,20:13,20:28,20:35,1,-19,-54,S19E54,yes,12002,beta,no,no,no,no,no,no,no,no,no,M1.0
2014,3,10,00:19,00:26,00:33,1.1,-19,-52,S19E52,yes,12002,b-g-d,no,no,no,no,no,no,no,no,no,M1.1
2014,3,10,04:02,04:08,04:13,1,-18,-48,S18E48,yes,12002,b-g-d,no,no,no,no,no,no,no,no,no,M1.0
2014,3,10,15:21,15:28,15:32,1.7,-17,-41,S17E41,yes,12002,b-g-d,no,no,no,no,no,no,no,no,no,M1.7
2014,3,10,22:45,23:00,23:12,1.4,14,51,N14W51,yes,11996,beta-gamma,no,no,no,no,no,no,no,no,no,M1.4
2014,3,11,03:44,03:50,03:56,3.5,13,55,N13W55,no,11996,beta-gamma,4:00,198,16,325,no,no,weak,rise,no,M3.5
2014,3,11,11:58,12:07,12:14,1.7,-25,86,S25W86,unc,11991,nospots,u,u,u,u,no,no,weak,rise,no,M1.7
2014,3,12,10:55,11:05,11:11,2.5,13,69,N13W69,yes,11996,beta-gamma,no,no,no,no,no,no,no,no,no,M2.5
2014,3,12,22:28,22:34,22:39,9.3,15,78,N15W78,yes,11996,beta-gamma,no,no,no,no,no,no,no,no,no,M9.3
2014,3,13,19:03,19:19,19:30,1.2,15,87,N15W87,yes,11996,beta-gamma,no,no,no,no,no,no,no,no,no,M1.2
2014,3,20,03:42,03:56,04:08,1.7,-14,-35,S14E35,no,12010,beta,4:36,740,360,140,no,no,yes,rise,no,M1.7
2014,3,22,06:58,07:02,07:05,1.1,-10,71,S10W71,unc,12011,beta,u,u,u,u,no,no,no,no,no,M1.1
2014,3,28,19:04,19:18,19:27,2,11,21,N11W21,no,12017,beta,19:36b,260,31,255,no,no,yes,rise,no,M2.0
2014,3,28,23:44,23:51,23:58,2.6,10,22,N10W22,no,12017,beta,23:48,514,138,327,0.0036,1133.122424,yes,rise,yes,M2.6
2014,3,30,11:48,11:55,12:02,2.1,8,43,N08W43,no,12017,b-g-d,12:24,487,192,321,no,no,yes,rise,no,M2.1
2014,3,31,07:20,08:07,08:18,1.4,-15,77,S15W77,no,12014,beta,8:36,234,123,271,no,no,occulted,rise,no,M1.4
2014,4,2,13:18,14:05,14:28,6.5,-14,-53,N14E53,no,12027,alpha,13:36,1471,360,60,no,no,yes,rise,yes,M6.5
2014,4,16,19:54,19:59,20:04,1,-14,-9,S14E09,no,12035,beta-gamma,20:00b,764,61,154,no,no,weak,decline,no,M1.0
2014,4,18,12:31,13:03,13:20,7.3,-18,37,S18W37,no,12036,beta-gamma,13:26,1203,360,238,1.046,6424.390884,yes,rise,yes,M7.3
2014,5,6,08:41,09:03,09:21,1.8,-15,84,S15W84,no,12051,b-g-d,8:48,245,93,244,no,no,occulted,rise,no,M1.8
2014,5,6,22:01,22:09,22:20,1,-10,57,S10W57,no,12051,b-g-d,22:18,831,160,265,no,495.873514,yes,rise,no,M1.0
2014,5,7,16:07,16:29,17:03,1.2,15,-50,N15E50,no,12055,beta,16:24,923,360,260,0.0113,4224.938632,yes,rise,no,M1.2
2014,5,8,09:59,10:07,10:18,5.2,8,-54,N08E54,yes,12056,beta-gamma,no,no,no,no,no,no,no,no,no,M5.2
2014,5,24,18:26,18:35,18:44,1.3,-19,56,S19W56,yes,12065,beta,no,no,no,no,no,no,no,no,no,M1.3
2014,6,3,03:58,04:09,04:17,1.3,-5,-30,S05E30,yes,12077,beta,no,no,no,no,no,no,no,no,no,M1.3
2014,6,6,19:26,19:31,19:33,1.4,-12,-25,S12E25,yes,12080,beta-gamma,no,no,no,no,no,no,yes,decline,no,M1.4
2014,6,11,05:30,05:34,05:36,1.8,-12,35,S12W35,yes,12080,b-g-d,no,no,no,no,no,no,no,no,no,M1.8
2014,6,11,08:00,08:09,08:15,3,-14,-68,S14E68,no,12087,beta-delta,8:24,773,103,90,no,no,yes,rise,no,M3.0
2014,6,11,20:53,21:03,21:10,3.9,-21,-58,S21E58,no,12087,beta-delta,21:24,490,58,119,no,no,yes,rise,no,M3.9
2014,6,12,04:14,04:21,04:26,2,-16,-55,S16E55,no,12087,beta-gamma,4:36,609,72,115,no,no,yes,rise,no,M2.0
2014,6,12,09:23,09:37,09:42,1.8,-25,53,S25W53,no,12085,beta-gamma,9:48,517,32,247,no,no,yes,rise,no,M1.8
2014,6,12,10:14,10:21,10:27,2.7,-20,-52,S20E52,no,12087,beta-gamma,10:48,472,54,124,no,no,yes,rise,no,M2.7
2014,6,12,18:03,18:13,18:23,1.3,-19,-48,S19E48,no,12087,beta-gamma,18:48,396,35,123,no,no,yes,rise,no,M1.3
2014,6,12,19:56,20:03,20:05,1.1,17,-5,N17E05,yes,12089,beta,no,no,no,no,no,no,no,no,no,M1.1
2014,6,12,21:01,21:13,21:19,1,-22,-49,S22E49,no,12087,beta-gamma,21:39,522,31,124,no,no,yes,rise,no,M1.0
2014,6,12,21:34,22:16,22:52,3.1,-20,55,S20W55,no,12085,beta-gamma,22:12,684,186,228,0.008,454.4865,yes,rise,yes,M3.1
2014,6,13,07:49,07:56,07:59,2.6,-18,-40,S18E40,no,12087,b-g-d,8:24,370,42,126,no,no,yes,rise,no,M2.6
2014,6,14,19:23,19:29,19:34,1.4,-10,-89,S10E89,no,u,u,19:48,732,139,112,no,no,yes,rise,no,M1.4
2014,6,15,11:10,11:39,11:50,1.1,-22,89,S22W89,unc,12085,beta-gamma,u,u,u,u,no,no,occulted,rise,no,M1.1
2014,6,15,23:50,00:01,00:17,1,-19,-8,S19E08,yes,12087,beta-gamma,no,no,no,no,no,no,no,no,no,M1.0
2014,7,1,11:05,11:23,11:59,1.4,12,-60,N12E60,no,12106,beta,11:48,614,195,8,no,no,yes,early,no,M1.4
2014,7,8,16:06,16:20,16:30,6.5,12,-56,N12E56,no,12113,beta,16:36,773,360,67,no,no,yes,rise,no,M6.5
2014,7,9,00:20,00:26,00:33,1.2,8,-50,N08E50,no,12113,beta-gamma,0:48,465,130,62,no,no,yes,decline,no,M1.2
2014,7,10,22:29,22:34,22:37,1.5,14,76,N14W76,unc,12106,beta,u,u,u,u,no,no,weak,decline,no,M1.5
2014,7,31,11:01,11:14,11:21,2.5,-10,-51,S10E51,unc,12130,b-g-d,u,u,u,u,no,no,no,no,no,M2.5
2014,8,1,14:43,14:48,14:57,2,-9,-35,S09E35,yes,12130,beta-gamma,no,no,no,no,no,no,no,no,no,M2.0
2014,8,1,17:55,18:13,18:48,1.5,-10,-11,S10E11,no,12127,beta-gamma,18:36,789,360,131,no,no,yes,rise,?,M1.5
2014,8,21,13:19,13:31,13:42,3.4,6,-38,N06E38,no,12149,beta-on-nd,14:12,427,59,30,no,no,yes,decline,no,M3.4
2014,8,22,06:18,06:28,06:34,1.2,12,-73,N12E73,yes,12149,beta,no,no,no,no,no,no,weak,decline,no,M1.2
2014,8,24,12:00,12:17,12:25,5.9,-7,-75,S07E75,no,12151,alpha,12:36,551,360,100,no,no,yes,rise,no,M5.9
2014,8,25,14:46,15:11,15:31,2,5,36,N05W36,no,12146,beta,15:36,555,360,270,0.0261,435.590696,yes,rise,yes,M2.0
2014,8,25,20:06,20:21,20:29,3.9,7,43,N07W43,no,12146,beta,20:48,711,177,277,no,no,occulted,decline,?,M3.9
2014,9,3,13:20,13:54,14:23,2.5,-14,18,S14W18,unc,12155,alpha-on-nd,u,u,u,u,no,no,no,no,no,M2.5
2014,9,6,16:50,17:09,17:22,1.1,-14,-53,S14E53,no,12157,b-g-d,17:24,514,170,15,no,no,no,no,no,M1.1
2014,9,8,23:12,00:29,01:31,4.5,12,-29,N12E29,no,12158,beta-delta,23:14,230,43,296,no,no,yes,rise,yes?,M4.5
2014,9,11,15:20,15:26,15:31,2.1,15,-88,N15E88,yes,12166,nospots,no,no,no,no,no,no,no,no,no,M2.1
2014,9,11,21:01,21:26,21:30,1.4,-17,17,S17W17,yes,12166,nospots,no,no,no,no,no,no,no,no,no,M1.4
2014,9,14,02:03,02:16,02:36,1.5,-13,49,S13W49,no,12157,beta-gamma,2:48,447,155,273,no,no,delayed,no,no,M1.5
2014,9,18,08:37,08:41,08:53,1.2,8,-70,N08E70,yes,12169,beta,no,no,no,no,no,no,weak,decline,no,M1.2
2014,9,23,23:03,23:16,23:28,2.3,-13,-33,S13E33,no,12172,beta,23:36,331,134,95,no,no,weak,rise,no,M2.3
2014,9,27,08:32,08:37,08:40,1,-4,-89,S04E89?,no,12178,alpha,9:12,273,20,78,no,no,yes,decline,no,M1.0
2014,9,28,02:39,02:58,03:19,5.1,-13,23,S13W23,no,12173,beta,3:24,215,60,212,no,no,no,no,no,M5.1
2014,9,28,16:34,17:33,18:00,1,-15,30,S15W30,yes,12173,beta,no,no,no,no,no,no,weak,rise,no,M1.0
2014,10,2,17:10,17:44,18:15,1.5,-18,76,S18W76,no,12172,beta-gamma,18:00,217,89,240,no,no,weak,decline,no,M1.5
2014,10,2,18:49,19:01,19:14,7.3,-17,82,S17W82,no,12173,beta-gamma,19:12,513,159,248,no,no,weak,decline,no,M7.3
2014,10,9,01:30,01:43,01:47,1.3,-15,45,S15W45,yes,12182,beta,no,no,no,no,no,no,no,no,no,M1.3
2014,10,9,01:54,01:58,02:02,1.4,-16,45,S16W45,unc,12182,beta,u,u,u,u,no,no,no,no,no,M1.4
2014,10,9,06:48,06:59,07:06,1.2,-16,46,S16W46,yes,12182,beta,no,no,no,no,no,no,no,no,no,M1.2
2014,10,14,18:21,18:37,18:46,1.1,-12,-88,S12E88,no,u,u,18:48,848,360,90,no,no,no,no,no,M1.1
2014,10,14,19:07,21:21,00:19,2.2,-11,-88,S11E88,unc,u,u,u,u,u,u,no,no,dg,dg,dg,M2.2
2014,10,16,12:58,13:03,13:05,4.3,-13,-88,S13E88,no,12192,nospots,12:36,1189,13,96,no,no,yes,rise,no,M4.3
2014,10,18,07:02,07:58,08:49,1.6,-13,-71,S13E71,yes,12192,beta-gamma,no,no,no,no,no,no,yes,decline,no,M1.6
2014,10,20,09:00,09:11,09:20,3.9,-14,-42,S14E42,yes,12192,b-g-d,no,no,no,no,no,no,no,no,no,M3.9
2014,10,20,16:00,16:37,16:55,4.5,-14,-37,S14E37,yes,12192,b-g-d,no,no,no,no,no,no,delayed,no,no,M4.5
2014,10,20,18:55,19:02,19:04,1.4,-14,-42,S14E42,no,12192,b-g-d,19:12,187,234,167,no,no,early,no,no,M1.4
2014,10,20,19:53,20:04,20:13,1.7,-14,-37,S14E37,yes,12192,b-g-d,no,no,no,no,no,no,no,no,no,M1.7
2014,10,20,22:43,22:55,23:13,1.2,-14,-36,S14E36,yes,12192,b-g-d,no,no,no,no,no,no,no,no,no,M1.2
2014,10,21,13:35,13:38,13:40,1.2,-14,-35,S14E35,yes,12192,b-g-d,no,no,no,no,no,no,no,no,no,M1.2
2014,10,22,01:16,01:59,02:28,8.7,-13,-21,S13E21,unc,12192,b-g-d,u,u,u,u,no,no,occulted,delayed,no,M8.7
2014,10,22,05:11,05:17,05:21,2.7,-15,-14,S15E14,yes,12192,b-g-d,no,no,no,no,no,no,no,no,no,M2.7
2014,10,22,15:51,15:57,16:03,1.4,-11,-88,S11E88,no,u,u,16:12,434,80,100,no,no,yes,decline,no,M1.4
2014,10,23,09:44,09:50,09:56,1.1,-16,-3,S16E03,yes,12192,b-g-d,no,no,no,no,no,no,no,no,no,M1.1
2014,10,24,07:37,07:48,07:53,4,-19,5,S19W05,no,12192,b-g-d,8:00,677,96,203,no,112.986894,yes,rise,no,M4.0
2014,10,26,17:08,17:17,17:30,1,-13,36,S13W36,yes,12192,b-g-d,no,no,no,no,no,no,no,no,no,M1.0
2014,10,26,18:07,18:15,18:20,4.2,-14,37,S14W37,yes,12192,b-g-d,no,no,no,no,no,no,no,no,no,M4.2
2014,10,26,18:43,18:49,18:56,1.9,-13,38,S13W38,yes,12192,b-g-d,no,no,no,no,no,no,no,no,no,M1.9
2014,10,26,19:59,20:21,20:45,2.4,-15,45,S15W45,yes,12192,b-g-d,no,no,no,no,no,no,no,no,no,M2.4
2014,10,27,00:06,00:34,00:44,7.1,-14,44,S14W44,yes,12192,b-g-d,no,no,no,no,no,no,occulted,rise,no,M7.1
2014,10,27,01:44,02:02,02:11,1,-13,45,S13W45,yes,12192,b-g-d,no,no,no,no,no,no,no,no,no,M1.0
2014,10,27,03:35,03:41,03:48,1.3,-13,45,S13W45,yes,12192,b-g-d,no,no,no,no,no,no,no,no,no,M1.3
2014,10,27,09:59,10:09,10:26,6.7,-18,46,S18W46,yes,12192,b-g-d,no,no,no,no,no,no,no,no,no,M6.7
2014,10,27,17:33,17:40,17:47,1.4,-21,51,S21W51,no,12192,b-g-d,18:36,186,62,215,no,no,yes,rise,no,M1.4
2014,10,28,02:15,02:42,03:08,3.4,-14,61,S14W61,yes,12192,b-g-d,no,no,no,no,no,no,dg,,,M3.4
2014,10,28,03:23,03:32,03:41,6.6,-24,-15,S84E15,yes,12192,b-g-d,no,no,no,no,no,no,dg,,,M6.6
2014,10,28,13:54,14:06,14:23,1.6,-18,72,S18W72,yes,12192,b-g-d,no,no,no,no,no,no,dg,,,M1.6
2014,10,29,06:03,08:20,08:52,1,-13,83,sm,no,12192,b-g-d,9:12,563,36,183,no,no,dg,,,M1.0
2014,10,29,09:54,10:01,10:06,1.2,-18,77,S18W77,yes,12192,b-g-d,no,no,no,no,no,no,dg,,,M1.2
2014,10,29,14:24,14:33,14:51,1.4,-16,81,S16W81,no,12192,b-g-d,15:12u,192,101,264,no,no,dg,,,M1.4
2014,10,29,16:06,16:20,16:33,1,-14,62,S14W62,yes,12192,b-g-d,no,no,no,no,no,no,dg,,,M1.0
2014,10,29,18:47,18:50,18:52,1.3,-13,77,S13W77,yes,12192,b-g-d,no,no,no,no,no,no,dg,,,M1.3
2014,10,29,21:18,21:22,21:25,2.3,-9,88,S09W88,yes,12192,b-g-d,no,no,no,no,no,no,dg,,,M2.3
2014,10,30,00:34,00:37,00:40,1.3,-14,81,S14W81,yes,12192,b-g-d,no,no,no,no,no,no,dg,,,M1.3
2014,10,30,01:19,01:35,01:56,3.5,-14,88,S14W88,yes,12192,b-g-d,no,no,no,no,no,no,dg,,,M3.5
2014,10,30,04:17,04:28,04:36,1.2,-16,-62,S16E62,yes,12192,b-g-d,no,no,no,no,no,no,dg,,,M1.2
2014,11,3,11:23,11:53,12:17,2.2,17,-89,N17E89,no,12205,nospots,12:00,447,196,58,no,no,dg,,,M2.2
2014,11,3,22:15,22:40,22:53,6.5,14,-89,N14E89,no,12205,nospots,23:13,638,155,61,no,no,dg,,,M6.5
2014,11,4,07:59,08:38,08:51,2.6,15,-82,N15E82,no,12205,beta-on-nd,8:48,627,175,65,no,no,dg,,,M2.6
2014,11,4,08:52,09:04,09:13,2.3,15,-82,N15E82,yes,12205,beta-on-nd,no,no,no,no,no,no,dg,,,M2.3
2014,11,5,09:26,09:47,09:55,7.9,20,-68,N20E68,no,12205,beta,10:00,386,182,63,no,no,dg,,,M7.9
2014,11,5,18:50,19:44,20:15,2.9,17,-65,N17E65,no,12205,beta,19:48,608,203,77,no,no,dg,,,M2.9
2014,11,6,01:29,01:39,01:54,3.2,15,-58,N15E58,no,12205,b-g-d,2:00,529,35,70,no,no,dg,,,M3.2
2014,11,6,03:32,03:46,04:02,5.4,17,-58,N17E58,no,12205,b-g-d,4:00,641,210,82,no,no,dg,,,M5.4
2014,11,6,21:53,22:16,22:34,2.5,14,-45,N14E45,no,12205,b-g-d,22:36,403,40,46,no,no,dg,,,M2.5
2014,11,7,02:05,02:49,03:32,2.7,17,-50,N17E50,yes,12205,b-g-d,no,no,no,no,no,no,dg,,,M2.7
2014,11,7,04:12,04:25,04:38,2,u,u,u,no,12205,b-g-d,4:28,516,88,6,no,no,dg,,,M2.0
2014,11,7,10:13,10:22,10:30,1,15,-43,N15E43,yes,12205,b-g-d,no,no,no,no,no,no,dg,,,M1.0
2014,11,9,15:24,15:32,15:38,2.3,18,-14,N18E14,yes,12205,b-g-d,no,no,no,no,no,no,occulted,rise,no,M2.3
2014,11,15,11:40,12:03,12:10,3.2,-9,-63,S09E63,no,12209,beta-gamma,12:24,145,48,92,no,no,no,no,no,M3.2
2014,11,15,20:38,20:46,20:50,3.7,-13,-63,S13E63,no,12209,beta-gamma,21:24u,150,175,142,no,no,no,no,no,M3.7
2014,11,16,17:35,17:48,17:57,5.7,-12,-46,S12E46,no,12209,b-g-d,18:24u,133,137,120,no,no,yes,rise,no,M5.7
2014,12,1,06:26,06:41,06:59,1.8,-21,-17,S21E17,unc,12222,beta-gamma,u,u,u,u,no,120.453453,no,no,no,M1.8
2014,12,4,08:00,08:10,08:21,1.3,-24,27,S24W27,yes,12222,beta-gamma,no,no,no,no,no,no,no,no,no,M1.3
2014,12,4,18:05,18:25,18:56,6.1,-20,31,S20W31,yes,12222,beta-gamma,no,no,no,no,no,no,no,no,no,M6.1
2014,12,4,19:38,19:41,19:44,1.3,-21,28,S21W28,yes,12222,beta-gamma,no,no,no,no,no,no,no,no,no,M1.3
2014,12,5,11:33,12:25,12:47,1.5,-23,41,S23W41,yes,12222,beta-gamma,no,no,no,no,no,no,no,no,no,M1.5
2014,12,13,05:13,05:20,05:25,1.5,-9,-84,S09E84,no,12241,nospots,5:48,325,77,45,no,no,yes,rise,no,M1.5
2014,12,14,19:25,19:33,19:39,1.6,-19,-44,S19E44,no,12242,beta-gamma-on-nd,19:48,626,148,118,no,no,yes,rise,no,M1.6
2014,12,17,00:57,01:10,01:20,1.5,-25,-10,S25E10,yes,12242,b-g-d,no,no,no,no,no,no,no,no,no,M1.5
2014,12,17,01:41,01:50,01:57,1.1,-11,-33,S11E33,no,12241,beta-gamma,2,869,108,91,no,no,yes,rise,no,M1.1
2014,12,17,04:25,04:51,05:20,8.7,-20,-9,S20E09,no,12242,b-g-d,5:00,587,360,162,no,no,yes,rise,yes?,M8.7
2014,12,17,18:54,19:01,19:20,1.4,-10,-24,S10E24,yes,12241,beta-gamma,no,no,no,no,no,no,delayed,no,no,M1.4
2014,12,18,21:41,21:58,22:25,6.9,-11,-15,S11E15,no,12241,b-g-d,01:05nd,1195,360,98,no,7979.348843,yes,rise,yes?,M6.9
2014,12,19,09:31,09:44,09:54,1.3,-19,27,S19W27,unc,12242,b-g-d,u,u,u,u,no,no,delayed,no,no,M1.3
2014,12,21,07:18,07:32,07:51,1.2,-21,48,S21W48,yes,12242,b-g-d,no,no,no,no,no,no,yes,decline,no,M1.2
2014,12,21,11:24,12:17,12:57,1,-13,25,S13W25,no,12241,b-g-d,12:12,669,360,189,no,no,yes,rise,no,M1.0
2014,12,22,01:33,01:49,01:59,1,-19,54,S19W54,yes,12242,b-g-d,no,no,no,no,no,no,no,no,no,M1.0
2014,12,27,02:03,02:16,02:24,2.2,-11,48,S11W48,yes,12249,beta-gamma,no,no,no,no,no,no,yes,decline,no,M2.2
2015,1,3,09:40,09:47,09:50,1.1,-4,-17,S04E17,yes,12253,b-g-d,no,no,no,no,no,no,no,no,no,M1.1
2015,1,4,15:18,15:36,15:53,1.3,-7,-2,S07E02,yes,12253,b-g-d,no,no,no,no,no,no,dg,dg,dg,M1.3
2015,1,13,04:13,04:24,04:38,5.6,6,70,N06W70,yes,12257,b-g-d,no,no,no,no,no,no,weak,no,no,M5.6
2015,1,13,04:46,04:58,05:10,4.9,5,76,N05W76,no,12257,b-g-d,05:24u,525,11,295,no,no,no,no,no,M4.9
2015,1,14,12:30,12:58,13:08,2.2,8,89,N08W89,yes,12257,b-g-d,no,no,no,no,no,no,no,no,no,M2.2
2015,1,22,04:43,04:52,05:02,1.4,-11,-89,S11E89,yes,12268,beta-on-nd,no,no,no,no,no,no,no,no,no,M1.4
2015,1,26,16:46,16:53,16:58,1.1,-9,-32,S09E32,yes,12268,beta-gamma,no,no,no,no,no,no,no,no,no,M1.1
2015,1,28,04:21,04:41,04:55,1.4,-9,-9,S09E09,yes,12268,beta-gamma,no,no,no,no,no,no,no,no,no,M1.4
2015,1,28,21:32,21:37,21:40,1,8,-73,N08E73,yes,12277,alpha-on-nd,no,no,no,no,no,no,delayed,no,no,M1.0
2015,1,29,11:32,11:42,11:52,2.1,-12,6,S12W06,yes,12268,beta-gamma,no,no,no,no,no,no,weak,rise,no,M2.1
2015,1,30,00:32,00:44,01:02,2,-13,16,S13W16,yes,12268,beta-gamma,no,no,no,no,no,no,no,no,no,M2.0
2015,1,30,05:29,05:36,06:35,1.7,-12,19,S12W19,no,12268,beta-gamma,06:24u,259,14,93,no,no,no,no,no,M1.7
2015,1,30,12:10,12:16,12:21,2.4,7,-52,N07E52,yes,12277,beta-gamma,no,no,no,no,no,no,no,no,no,M2.4
2015,2,4,02:08,02:15,02:21,1.2,10,14,N10W14,no,12277,beta-gamma,2:48,241,98,261,no,no,delayed,no,no,M1.2
2015,2,9,22:59,23:35,00:14,2.4,8,-68,N08E68,no,12282,beta,23:24,1106,360,51,no,no,yes,rise,no,M2.4
2015,3,2,06:31,06:39,06:44,1,19,84,N19W84,no,12290,alpha,7:00,383,123,318,no,no,yes,decline,no,M1.0
2015,3,2,09:37,09:48,09:58,1.1,20,86,N20W86,yes,12290,alpha,no,no,no,no,no,no,no,no,no,M1.1
2015,3,2,15:10,15:28,15:37,3.7,21,86,N21W86,no,12290,alpha,15:46,452,204,318,no,no,yes,rise,no,M3.7
2015,3,2,19:21,19:31,19:36,4.1,19,87,N19W87,no,12290,alpha,19:38u,227,20,285,no,no,weak,rise,no,M4.1
2015,3,3,01:25,01:35,01:42,8.2,21,87,N21W87,no,12290,alpha,1:48,764,231,321,no,no,yes,rise,?,M8.2
2015,3,5,17:06,18:11,18:26,1.2,-14,-88,S14E88,yes,12297,nospots,no,no,no,no,no,no,no,no,no,M1.2
2015,3,6,04:14,04:57,05:27,3,-20,-87,S20E87,no,12297,alpha-on-nd,4:39,812,155,116,no,no,yes,rise,?,M3.0
2015,3,6,06:55,08:15,08:28,1.5,-20,-87,S20E87,no,12297,alpha-on-nd,7:12,880,275,92,no,no,no,no,yes,M1.5
2015,3,7,21:45,22:22,22:58,9.2,-19,-74,S19E74,no,12297,alpha,22:12,1261,360,125,no,no,yes,rise,yes?,M9.2
2015,3,9,14:22,14:33,14:37,4.5,-15,-49,S15E49,no,12297,b-g-d,15:12,448,41,82,no,no,yes,rise,no,M4.5
2015,3,9,23:29,23:53,00:12,5.8,-18,-45,S18E45,no,12297,b-g-d,24:00:00,995,360,107,no,no,yes,rise,yes,M5.8
2015,3,10,03:19,03:24,03:28,5.1,-15,-40,S15E40,no,12297,beta-delta,3:36,1040,360,71,no,no,yes,rise,yes?,M5.1
2015,3,10,23:46,00:02,00:06,2.9,-16,-28,S16E28,no,12297,beta-delta,24:24:00,702,160,112,no,no,yes,rise,?,M2.9
2015,3,11,07:10,07:18,07:43,1.8,-16,-26,S16E26,yes,12297,b-g-d,no,no,no,no,no,no,no,no,no,M1.8
2015,3,11,07:51,07:57,08:03,2.6,-14,-26,S14E26,n,12297,b-g-d,8:24,530,93,67,no,no,early,no,no,M2.6
2015,3,11,18:37,18:51,18:57,1,-16,-18,S16E18,yes,12297,b-g-d,no,no,no,no,no,no,yes,decline,no,M1.0
2015,3,12,04:41,04:46,04:50,3.2,-15,-11,S15E11,yes,12297,b-g-d,no,no,no,no,no,no,delayed,no,no,M3.2
2015,3,12,11:38,11:50,12:02,1.6,-17,-11,S17E11,yes,12297,b-g-d,no,no,no,no,no,no,no,no,no,M1.6
2015,3,12,12:09,12:14,12:18,1.4,-18,-5,S18E05,yes,12297,b-g-d,no,no,no,no,no,no,no,no,no,M1.4
2015,3,12,13:50,14:08,14:13,4.2,-15,-6,S15E06,yes,12297,b-g-d,no,no,no,no,no,no,yes,rise,no,M4.2
2015,3,12,21:44,21:51,21:56,2.7,-15,-1,S15E01,yes,12297,b-g-d,no,no,no,no,no,no,yes,rise,no,M2.7
2015,3,13,03:47,04:01,04:16,1.2,-17,-3,S17E03,yes,12297,b-g-d,no,no,no,no,no,no,no,no,no,M1.2
2015,3,13,05:49,06:07,06:12,1.8,-14,2,S14W02,yes,12297,b-g-d,no,no,no,no,no,no,yes,rise,no,M1.8
2015,3,14,04:23,04:40,04:54,1.3,-14,12,S14W12,yes,12297,b-g-d,no,no,no,no,no,no,no,no,no,M1.3
2015,3,15,09:36,09:40,09:46,1,-20,24,S20W24,yes,12297,b-g-d,no,no,no,no,no,no,no,no,no,M1.0
2015,3,15,22:42,23:22,23:38,1.2,-19,32,S19W32,no,12297,b-g-d,23:24u,284,15,290,no,no,weak,decline,no,M1.2
2015,3,16,10:39,10:58,11:17,1.6,-17,39,S17W39,yes,12297,b-g-d,no,no,no,no,no,no,no,no,no,M1.6
2015,3,17,22:49,23:34,23:48,1,-21,56,S21W56,no,12297,b-g-d,23:48,510,110,239,no,327.435429,yes,rise,no,M1.0
2015,4,8,14:37,14:43,14:47,1.4,-14,4,S14W04,yes,12320,beta-delta,no,no,no,no,no,no,delayed,no,no,M1.4
2015,4,12,08:51,09:50,10:44,1.1,13,-62,N13E62,no,12321,beta-gamma,9:48,336,123,68,no,no,yes,rise,no,M1.1
2015,4,21,07:08,07:21,07:27,1,9,80,N09W80,yes,12322,beta,no,no,no,no,no,no,no,no,no,M1.0
2015,4,21,10:17,10:40,10:59,2.2,16,-80,N16E80,no,u,u,10:36,2039,191,44,no,no,yes,rise,no,M2.2
2015,4,21,11:49,11:57,12:02,2.2,-10,84,N10W84,unc,12322,beta,u,u,u,u,no,no,no,no,no,M2.2
2015,4,21,15:24,15:45,15:51,4,-10,84,N10W84,yes,12322,beta,no,no,no,no,no,no,no,no,no,M4.0
2015,4,21,16:55,17:00,17:09,2.1,-13,84,N13W84,yes,12322,beta,no,no,no,no,no,no,no,no,no,M2.1
2015,4,21,21:39,21:45,21:55,1.8,10,80,N10W80,yes,12322,beta,no,no,no,no,no,no,no,no,no,M1.8
2015,4,21,21:58,22:01,22:04,1.2,9,80,N09W80,yes,12325,beta,no,no,no,no,no,no,no,no,no,M1.2
2015,4,22,08:30,08:44,08:58,1.1,-9,-5,S09E05,yes,12322,beta,no,no,no,no,no,no,no,no,no,M1.1
2015,4,23,09:18,10:07,11:10,1.1,7,80,N07W80,no,12322,nospots,9:36,857,360,291,no,no,yes,rise,yes?,M1.1
2015,5,5,09:42,09:47,09:51,1.9,14,-82,N14E82,no,12339,beta-gamma-on-nd,10:24,246,67,60,no,no,yes,decline,no,M1.9
2015,5,5,13:45,13:53,13:56,1.2,15,-75,N15E75,no,12339,beta-gamma-on-nd,14:12,286,77,50,no,no,yes,rise,no,M1.2
2015,5,5,14:19,14:25,14:32,1.3,-16,-17,S16E17,yes,12335,beta-gamma,no,no,no,no,no,no,no,no,no,M1.3
2015,5,5,17:12,17:24,17:30,2.6,-15,-16,S15E16,yes,12335,beta-gamma,no,no,no,no,no,no,weak,rise,no,M2.6
2015,5,6,11:45,11:49,11:51,1.9,17,-67,N17E67,no,12339,beta-gamma,12:12u,738,132,50,no,no,yes,decline,no,M1.9
2015,6,11,08:49,08:55,08:59,1,-19,-83,S19E83,no,12367,beta-on-nd,10:00u,689,128,75,no,no,delayed,no,no,M1.0
2015,6,13,07:20,07:29,07:47,1.3,11,78,N11W78,yes,12360,beta-gamma,no,no,no,no,no,no,no,no,no,M1.3
2015,6,14,00:52,00:59,01:09,2,14,73,N14W73,yes,12360,beta,no,no,no,no,no,no,no,no,no,M2.0
2015,6,18,00:33,01:27,01:55,1.2,-16,81,S16W81,no,12365,alpha,1:26,1714,195,270,0.3978,2745.395351,yes,rise,no,M1.2
2015,6,18,16:30,17:36,18:25,3,15,-50,N15E50,no,12371,beta-gamma,17:24,1305,360,92,no,no,yes,rise,yes,M3.0
2015,6,20,06:28,06:48,07:09,1,13,-25,N13E25,no,12371,b-g-d,07:36u,435,56,103,no,no,weak,decline,no,M1.0
2015,6,21,01:02,01:42,02:00,2,12,-13,N12E13,yes,12371,b-g-d,no,no,no,no,no,no,no,no,no,M2.0
2015,6,21,02:06,02:36,03:02,2.6,12,-16,N12E16,no,12371,b-g-d,2:36,1366,360,72,0.021,3019.351,yes,rise,yes,M2.6
2015,6,21,09:38,09:44,09:50,3.8,-21,57,S21W57,yes,12367,beta-gamma,no,no,no,no,no,no,no,no,no,M3.8
2015,6,21,18:10,18:20,18:28,1.1,-18,64,S18W64,unc,12367,beta-gamma,u,u,u,u,0.9349,4242.861905,delayed,no,no,M1.1
2015,6,22,17:39,18:23,18:51,6.5,12,8,N12W08,no,12371,b-g-d,18:36,1209,360,358,no,no,yes,rise,yes,M6.5
2015,6,25,08:02,08:16,09:05,7.9,9,42,N09W42,no,12371,beta-gamma,8:36,1627,360,330,0.2726,8318.939179,yes,delayed,yes,M7.9
2015,7,3,12:47,12:51,12:53,1.5,-15,-68,S15E68,yes,12378,beta,no,no,no,no,no,no,no,no,no,M1.5
2015,7,6,08:24,08:44,08:59,1,17,-42,N17E42,yes,12381,beta,no,no,no,no,no,no,no,no,no,M1.0
2015,7,6,20:32,20:40,20:50,1.7,18,-36,N18E36,yes,12381,beta,no,no,no,no,no,no,weak,decline,no,M1.7
2015,8,21,01:56,02:18,02:37,1.2,-16,-39,S16E39,yes,12403,beta-gamma,no,no,no,no,no,no,no,no,no,M1.2
2015,8,21,09:34,09:48,10:07,1.4,-17,-26,S17E26,no,12403,beta-gamma,10:12,555,270,72,no,no,no,no,no,M1.4
2015,8,21,19:10,20:34,20:50,1.1,-12,-26,S12E26,yes,12403,beta-gamma,no,no,no,no,no,no,weak,rise,no,M1.1
2015,8,22,06:39,06:49,06:59,1.2,-15,-20,S15E20,no,12403,beta-gamma,7:12,547,360,95,no,no,yes,decline,no,M1.2
2015,8,22,21:19,21:24,21:28,3.5,-15,-15,S15E15,yes,12403,beta-gamma,no,no,no,no,no,no,no,no,no,M3.5
2015,8,24,07:26,07:33,07:35,5.6,-15,4,S15W04,no,12403,b-g-d,8:48,272,88,245,no,362.960255,yes,rise,no,M5.6
2015,8,24,17:40,17:46,17:49,1,-14,4,S14W04,yes,12403,b-g-d,no,no,no,no,no,no,weak,decline,no,M1.0
2015,8,27,04:48,05:44,06:03,2.9,-14,45,S14W45,yes,12403,b-g-d,no,no,no,no,no,no,no,no,no,M2.9
2015,8,28,13:04,13:16,13:23,2.2,-14,65,S14W65,yes,12403,b-g-d,no,no,no,no,no,no,no,no,no,M2.2
2015,8,28,18:56,19:03,19:06,2.1,-13,70,S13W70,yes,12403,b-g-d,no,no,no,no,no,no,no,no,no,M2.1
2015,8,30,02:01,03:30,04:23,1.4,-17,80,S17W80,yes,12403,b-g-d,no,no,no,no,no,no,no,no,no,M1.4
2015,9,17,09:34,09:40,09:45,1.1,-21,4,S21W04,yes,12415,beta-gamma,no,no,no,no,no,no,weak,rise,no,M1.1
2015,9,20,04:55,05:03,05:17,1.5,-20,24,S20W24,yes,12420,beta-gamma-on-nd,no,no,no,no,no,no,no,no,no,M1.5
2015,9,20,17:32,18:03,18:29,2.1,-20,24,S20W24,no,12415,beta-gamma,18:12,1239,360,219,0.0402,11490.26229,yes,rise,yes,M2.1
2015,9,27,10:20,10:40,10:46,1.9,-22,8,S22W08,yes,12422,b-g-d,no,no,no,no,no,no,weak,decline,no,M1.9
2015,9,27,20:54,21:00,21:15,1,-21,16,S21W16,yes,12422,b-g-d,no,no,no,no,no,no,weak,decline,no,M1.0
2015,9,28,03:45,03:55,03:59,3.6,-9,67,S09W67,no,12423,beta-gamma,05:00u,151,54,262,no,no,yes,rise,no,M3.6
2015,9,28,07:27,07:35,07:46,1.1,-22,20,S22W20,no,12422,b-g-d,7:48,634,118,288,no,no,yes,rise,no,M1.1
2015,9,28,13:01,13:18,13:29,1.1,-22,24,S22W24,no,12422,b-g-d,14:48u,237,76,265,no,no,dg,dg,dg,M1.1
2015,9,28,14:53,14:58,15:03,7.6,-20,28,S20W28,unc,12422,b-g-d,u,u,u,u,no,no,weak,decline,no,M7.6
2015,9,29,03:11,03:16,03:31,1.2,-8,78,S08W78,yes,12423,beta-gamma,no,no,no,no,no,no,no,no,no,M1.2
2015,9,29,03:41,03:43,03:53,1.1,-20,36,S20W36,yes,12422,b-g-d,no,no,no,no,no,no,no,no,no,M1.1
2015,9,29,05:05,05:16,05:23,2.9,-21,37,S21W37,no,12422,b-g-d,5:45,503,31,254,no,no,no,no,no,M2.9
2015,9,29,05:33,05:37,05:39,1.2,-9,82,S09W82,yes,12423,beta-gamma,no,no,no,no,no,no,no,no,no,M1.2
2015,9,29,05:53,05:56,06:04,1,-21,37,S21W37,yes,12422,b-g-d,no,no,no,no,no,no,no,no,no,M1.0
2015,9,29,06:39,06:43,06:46,1.4,-20,34,S20W34,yes,12422,b-g-d,no,no,no,no,no,no,no,no,no,M1.4
2015,9,29,08:46,08:51,08:55,1.3,-10,77,S10W77,yes,12423,beta-gamma,no,no,no,no,no,no,no,no,no,M1.3
2015,9,29,11:09,11:15,11:20,1.6,-21,37,S21W37,yes,12422,b-g-d,no,no,no,no,no,no,no,no,no,M1.6
2015,9,29,19:20,19:24,19:27,1.1,-20,36,S20W36,no,12422,b-g-d,20:00,523,90,247,no,no,yes,rise,no,M1.1
2015,9,30,10:49,10:59,11:13,1.3,-21,37,S21W37,yes,12422,b-g-d,no,no,no,no,no,no,no,no,no,M1.3
2015,9,30,13:18,13:20,13:21,1.1,-23,59,S23W59,yes,12422,b-g-d,no,no,no,no,no,no,no,no,no,M1.1
2015,10,1,13:03,13:10,13:14,4.5,-23,64,S23W64,yes,12422,b-g-d,no,no,no,no,no,no,no,no,no,M4.5
2015,10,2,00:06,00:13,00:17,5.5,-19,67,S19W67,yes,12422,b-g-d,no,no,no,no,no,no,no,no,no,M5.5
2015,10,2,12:19,12:26,12:31,1,-20,73,S20W73,yes,12422,b-g-d,no,no,no,no,no,no,no,no,no,M1.0
2015,10,2,17:08,17:18,17:23,1,-19,76,S19W76,yes,12422,b-g-d,no,no,no,no,no,no,no,no,no,M1.0
2015,10,4,02:34,02:41,02:48,1,-18,78,S18W78,yes,12422,beta,no,no,no,no,no,no,no,no,no,M1.0
2015,10,15,23:27,23:31,23:37,1.1,-11,-50,S11E50,yes,12434,beta-gamma,no,no,no,no,no,no,weak,decline,no,M1.1
2015,10,16,06:11,06:16,06:20,1.1,-11,-46,S11E46,unc,12434,beta-gamma,u,u,u,u,no,no,weak,rise,no,M1.1
2015,10,17,20:09,20:23,20:28,1.1,-18,-79,S18E79,yes,12437,nospots,no,no,no,no,no,no,no,no,no,M1.1
2015,10,17,20:35,20:42,20:46,1.5,-19,-79,S19E79,no,12437,nospots,21:36u,186,47,110,no,no,no,no,no,M1.5
2015,10,31,17:48,17:52,17:55,1,6,-51,N06E51,no,12443,b-g-d,18:36u,312,9,19,no,no,no,no,no,M1.0
2015,11,4,03:20,03:26,03:29,1.9,15,64,N15W64,no,12445,beta-delta,4:12,516,21,343,no,no,no,no,no,M1.9
2015,11,4,11:55,12:03,12:06,2.5,12,73,N12W73,no,12445,beta-delta,12:36,283,64,286,no,no,no,no,no,M2.5
2015,11,4,13:31,13:52,14:13,3.7,9,4,N09W04,no,12443,beta-delta,14:48,578,360,288,0.005,4425.220966,yes,rise,yes,M3.7
2015,11,9,12:49,13:12,13:28,3.9,-11,-41,S11E41,no,12449,beta,13:26,1041,273,137,0.0675,338.15797,yes,rise,yes?,M3.9
2015,12,21,00:52,01:03,01:11,2.8,1,-81,N01E81,no,12472,alpha-on-nd,1:27,389,71,116,no,no,yes,rise,no,M2.8
2015,12,21,10:09,10:19,10:32,1.1,4,-85,N04E85,no,12472,alpha-on-nd,10:48,405,51,117,no,no,yes,rise,no,M1.1
2015,12,22,03:15,03:34,03:48,1.6,-23,-75,S23E75,no,12473,beta,3:48,258,29,111,no,no,yes,decline,no,M1.6
2015,12,23,00:23,00:40,00:52,4.7,-22,-63,S22E63,no,12473,beta-delta,1:26,520,89,110,no,no,yes,decline,no,M4.7
2015,12,24,01:49,02:12,02:22,1.1,-21,-50,S21E50,yes,12473,beta-gamma,no,no,no,no,no,no,no,no,no,M1.1
2015,12,28,11:20,12:45,14:09,1.8,-23,11,S23W11,no,12473,beta-delta,12:12,1212,360,163,0.0115,572.321,yes,rise,yes,M1.8
2016,1,1,23:10,00:11,01:01,2.3,25,82,S25W82,no,12473,beta,23:24,1730,360,227,0.1929,3254.242753,yes,rise,yes?,M2.3
2016,2,12,10:36,10:47,10:53,1,11,14,N11W14,yes,12497,b-g-d,no,no,no,no,no,no,no,no,no,M1.0
2016,2,13,15:16,15:24,15:26,1.8,13,25,N13W25,yes,12497,b-g-d,no,no,no,no,no,no,no,no,no,M1.8
2016,2,14,19:18,19:26,19:29,1,15,47,N15W47,yes,12497,b-g-d,no,no,no,no,no,no,no,no,no,M1.0
2016,2,15,10:41,11:00,11:06,1.1,10,52,N10W52,yes,12497,b-g-d,no,no,no,no,no,no,no,no,no,M1.1
2016,4,18,00:14,00:29,00:39,6.7,12,62,N12W62,no,12529,beta-gamma,0:48,1084,162,291,0.0143,350.379568,yes,rise,yes?,M6.7
2016,7,21,00:42,00:46,00:50,1.2,3,42,N03W42,no,12567,beta,0:36,302,75,250,no,no,no,no,no,M1.2
2016,7,21,01:34,01:49,02:04,1,2,42,N02W42,yes,12567,beta,no,no,no,no,no,no,no,no,no,M1.0
2016,7,23,01:46,02:11,02:23,5,5,73,N05W73,no,12567,beta,2:36,270,38,275,no,294.9956,yes,decline,no,M5.0
2016,7,23,05:00,05:16,05:24,7.6,5,73,N05W73,no,12567,beta,5:24,835,117,271,0.0055,35572.09806,yes,rise,no,M7.6
2016,7,23,05:27,05:31,05:33,5.5,2,74,N02W74,unc,12567,beta,u,u,u,u,no,no,yes,rise,no,M5.5
2016,7,24,06:09,06:20,06:32,2,3,84,N03W84,yes,12567,beta,no,no,no,no,no,no,oculted,decline,no,M2.0
2016,7,24,17:30,17:43,18:12,1.9,7,89,N07W89,no,12567,beta,18:24u,244,10,277,no,no,no,no,no,M1.9
2016,8,7,14:37,14:44,14:48,1.3,-12,70,S12W70,no,u,u,15:24u,165,29,239,no,no,no,no,no,M1.3
2016,11,29,17:19,17:23,17:26,1,-7,-55,S07E55,unc,12615,beta-on-nd,dg,dg,dg,dg,no,no,no,no,no,M1.0
2016,11,29,23:29,23:38,23:40,1.2,-8,-52,S08E52,unc,12615,beta-on-nd,dg,dg,dg,dg,no,no,no,no,no,M1.2
2017,4,1,21:35,21:48,22:05,4.4,16,53,N16W53,no,12644,beta,22:12,516,115,309,no,763.145786,yes,rise,no,M4.4
2017,4,2,07:50,08:02,08:13,5.3,12,59,N12W59,no,12644,beta,8:24,562,87,305,no,no,yes,rise,no,M5.3
2017,4,2,12:52,13:00,13:11,2.3,11,64,N11W64,yes,12644,beta,no,no,no,no,no,no,no,no,no,M2.3
2017,4,2,18:18,18:38,19:28,2.1,16,68,N16W68,no,12644,beta,19:24,500,88,302,no,no,yes,decline,no,M2.1
2017,4,2,20:26,20:33,20:38,5.7,12,64,sm,yes,12644,beta,no,no,no,no,no,no,no,no,no,M5.7
2017,4,3,00:56,01:05,01:12,1.2,15,75,N15W75,no,12644,beta-gamma,1:36,268,46,295,no,no,weak,decline,no,M1.2
2017,4,3,14:19,14:29,14:34,5.8,12,77,sm,no,12644,beta-gamma,14:48,471,80,301,no,no,weak,rise,no,M5.8
2017,7,3,15:37,16:15,16:18,1.3,5,90,v,no,u,u,16:49,260,47,262,no,no,no,no,no,M1.3
2017,7,9,03:09,03:18,03:37,1.3,-8,-37,S08E37,yes,12665,beta,no,no,no,no,no,no,no,no,no,M1.3
2017,7,14,01:07,02:09,03:24,2.4,-6,29,S06W29,no,12665,beta,1:26,1200,360,230,0.1284,1247.723784,oculted,rise,yes,M2.4
2017,8,20,01:36,01:52,02:03,1.1,5,-90,v,no,12672,beta-on-nd,2:36,175,61,92,no,no,weak,rise,no,M1.1
2017,9,4,05:36,05:49,06:05,1.2,-10,4,S10W04,yes,12673,beta-gamma,no,no,no,no,no,no,no,no,no,M1.2
2017,9,4,15:11,15:30,15:33,1.5,-6,13,S06W13,yes,12673,beta-gamma,no,no,no,no,no,no,no,no,no,M1.5
2017,9,4,18:05,18:22,18:31,1,-10,14,sm,no,12673,beta-gamma,19:00,597,205,240,no,no,weak,rise,no,M1.0
2017,9,4,18:46,19:37,19:52,1.7,-10,14,sm,unc,12673,beta-gamma,u,u,u,u,no,no,yes,rise,no,M1.7
2017,9,4,19:59,20:02,20:06,1.5,-10,14,sm,yes,12673,beta-gamma,no,no,no,no,no,no,no,no,no,M1.5
2017,9,4,20:28,20:33,20:37,5.5,-11,16,S11W16,no,12673,beta-gamma,20:36,1418,360,184,no,16716.58903,yes,rise,yes,M5.5
2017,9,4,22:10,22:14,22:19,2.1,-10,14,sm,yes,12673,beta-gamma,no,no,no,no,no,no,no,no,no,M2.1
2017,9,5,01:03,01:08,01:11,4.2,-8,28,sm,unc,12673,b-g-d,u,u,u,u,no,no,no,no,no,M4.2
2017,9,5,03:42,03:51,04:04,1,-8,28,sm,yes,12673,b-g-d,no,no,no,no,no,no,no,no,no,M1.0
2017,9,5,04:33,04:53,05:07,3.2,-8,28,sm,yes,12673,b-g-d,no,no,no,no,no,no,no,no,no,M3.2
2017,9,5,06:33,06:40,06:43,3.8,-8,28,sm,yes,12673,b-g-d,no,no,no,no,no,no,no,no,no,M3.8
2017,9,5,17:37,17:43,17:51,2.3,-9,24,S09W24,unc,12673,b-g-d,u,u,u,u,no,no,no,no,no,M2.3
2017,9,6,15:51,15:56,16:03,2.5,-9,38,S09W38,yes,12673,b-g-d,no,no,no,no,no,no,no,no,no,M2.5
2017,9,6,19:21,19:30,19:35,1.4,-9,42,sm,yes,12673,b-g-d,no,no,no,no,no,no,no,no,no,M1.4
2017,9,6,23:33,23:39,23:44,1.2,-9,42,sm,yes,12673v,b-g-d-v,no,no,no,no,no,no,no,no,no,M1.2
2017,9,7,04:59,05:02,05:08,2.4,-7,45,S07W45,yes,12673,b-g-d,no,no,no,no,no,no,no,no,no,M2.4
2017,9,7,09:49,09:54,09:58,1.4,-8,47,S08W47,yes,12673,b-g-d,no,no,no,no,no,no,yes,decline,no,M1.4
2017,9,7,10:11,10:15,10:18,7.3,-9,57,sm,no,12673,b-g-d,10:24,470,32,244,no,no,yes,decline,no,M7.3
2017,9,7,23:50,23:59,00:14,3.9,-9,50,S09W50,unc,12673,b-g-d,u,u,u,u,no,no,no,no,no,M3.9
2017,9,8,02:19,02:24,02:29,1.3,-9,54,S09W54,no,12673,b-g-d,3:24,500,50,254,no,no,no,no,no,M1.3
2017,9,8,03:39,03:43,03:45,1.2,-6,55,S06W55,unc,12673,b-g-d,u,u,u,u,no,no,yes,decline,no,M1.2
2017,9,8,07:40,07:49,07:58,8.1,-10,57,S10W57,yes,12673,b-g-d,no,no,no,no,no,no,multiple,u,no,M8.1
2017,9,8,15:09,15:47,16:04,2.9,-8,68,S08W68,yes,12673,b-g-d,no,no,no,no,no,no,yes,rise,no,M2.9
2017,9,8,23:33,23:45,23:56,2.1,-9,70,sm,yes,12673,b-g-d,no,no,no,no,no,no,weak,rise,no,M2.1
2017,9,9,04:14,04:28,04:43,1.1,-13,69,S13W69,yes,12673,b-g-d,no,no,no,no,no,no,multiple,u,no,M1.1
2017,9,9,10:50,11:04,11:42,3.7,-14,74,S14W74,yes,12673,b-g-d,no,no,no,no,no,no,yes,decline,no,M3.7
2017,9,9,22:04,23:53,00:41,1.1,-7,74,S07W74,no,12673,b-g-d,23:12,1019,138,302,no,no,yes,rise,no,M1.1
2017,10,20,23:10,23:28,23:37,1.1,u,-90,v,no,12685,nospots,24,331,109,109,no,no,no,no,no,M1.1